시간,예측 조위
2024-09-01 00:00,382
2024-09-01 00:10,406
2024-09-01 00:20,431
2024-09-01 00:30,456
2024-09-01 00:40,482
2024-09-01 00:50,507
2024-09-01 01:00,532
2024-09-01 01:10,557
2024-09-01 01:20,581
2024-09-01 01:30,604
2024-09-01 01:40,627
2024-09-01 01:50,650
2024-09-01 02:00,671
2024-09-01 02:10,691
2024-09-01 02:20,710
2024-09-01 02:30,728
2024-09-01 02:40,745
2024-09-01 02:50,760
2024-09-01 03:00,773
2024-09-01 03:10,785
2024-09-01 03:20,795
2024-09-01 03:30,803
2024-09-01 03:40,809
2024-09-01 03:50,813
2024-09-01 04:00,814
2024-09-01 04:10,814
2024-09-01 04:20,812
2024-09-01 04:30,808
2024-09-01 04:40,801
2024-09-01 04:50,793
2024-09-01 05:00,782
2024-09-01 05:10,770
2024-09-01 05:20,757
2024-09-01 05:30,742
2024-09-01 05:40,725
2024-09-01 05:50,707
2024-09-01 06:00,688
2024-09-01 06:10,668
2024-09-01 06:20,648
2024-09-01 06:30,626
2024-09-01 06:40,604
2024-09-01 06:50,581
2024-09-01 07:00,559
2024-09-01 07:10,535
2024-09-01 07:20,512
2024-09-01 07:30,489
2024-09-01 07:40,465
2024-09-01 07:50,442
2024-09-01 08:00,419
2024-09-01 08:10,397
2024-09-01 08:20,375
2024-09-01 08:30,353
2024-09-01 08:40,333
2024-09-01 08:50,313
2024-09-01 09:00,295
2024-09-01 09:10,278
2024-09-01 09:20,263
2024-09-01 09:30,249
2024-09-01 09:40,238
2024-09-01 09:50,228
2024-09-01 10:00,221
2024-09-01 10:10,215
2024-09-01 10:20,213
2024-09-01 10:30,212
2024-09-01 10:40,215
2024-09-01 10:50,219
2024-09-01 11:00,226
2024-09-01 11:10,236
2024-09-01 11:20,247
2024-09-01 11:30,260
2024-09-01 11:40,276
2024-09-01 11:50,293
2024-09-01 12:00,311
2024-09-01 12:10,331
2024-09-01 12:20,352
2024-09-01 12:30,374
2024-09-01 12:40,397
2024-09-01 12:50,420
2024-09-01 13:00,443
2024-09-01 13:10,467
2024-09-01 13:20,490
2024-09-01 13:30,514
2024-09-01 13:40,537
2024-09-01 13:50,560
2024-09-01 14:00,582
2024-09-01 14:10,603
2024-09-01 14:20,624
2024-09-01 14:30,643
2024-09-01 14:40,662
2024-09-01 14:50,679
2024-09-01 15:00,695
2024-09-01 15:10,709
2024-09-01 15:20,721
2024-09-01 15:30,732
2024-09-01 15:40,740
2024-09-01 15:50,747
2024-09-01 16:00,751
2024-09-01 16:10,753
2024-09-01 16:20,752
2024-09-01 16:30,749
2024-09-01 16:40,744
2024-09-01 16:50,737
2024-09-01 17:00,727
2024-09-01 17:10,715
2024-09-01 17:20,701
2024-09-01 17:30,685
2024-09-01 17:40,667
2024-09-01 17:50,648
2024-09-01 18:00,628
2024-09-01 18:10,606
2024-09-01 18:20,583
2024-09-01 18:30,560
2024-09-01 18:40,535
2024-09-01 18:50,511
2024-09-01 19:00,486
2024-09-01 19:10,461
2024-09-01 19:20,436
2024-09-01 19:30,411
2024-09-01 19:40,386
2024-09-01 19:50,362
2024-09-01 20:00,338
2024-09-01 20:10,315
2024-09-01 20:20,292
2024-09-01 20:30,270
2024-09-01 20:40,249
2024-09-01 20:50,229
2024-09-01 21:00,211
2024-09-01 21:10,193
2024-09-01 21:20,178
2024-09-01 21:30,164
2024-09-01 21:40,153
2024-09-01 21:50,143
2024-09-01 22:00,136
2024-09-01 22:10,131
2024-09-01 22:20,129
2024-09-01 22:30,129
2024-09-01 22:40,133
2024-09-01 22:50,139
2024-09-01 23:00,147
2024-09-01 23:10,159
2024-09-01 23:20,173
2024-09-01 23:30,189
2024-09-01 23:40,208
2024-09-01 23:50,229
2024-09-02 00:00,252
2024-09-02 00:10,276
2024-09-02 00:20,302
2024-09-02 00:30,329
2024-09-02 00:40,356
2024-09-02 00:50,385
2024-09-02 01:00,414
2024-09-02 01:10,443
2024-09-02 01:20,472
2024-09-02 01:30,501
2024-09-02 01:40,530
2024-09-02 01:50,559
2024-09-02 02:00,586
2024-09-02 02:10,614
2024-09-02 02:20,640
2024-09-02 02:30,665
2024-09-02 02:40,690
2024-09-02 02:50,713
2024-09-02 03:00,734
2024-09-02 03:10,755
2024-09-02 03:20,774
2024-09-02 03:30,791
2024-09-02 03:40,806
2024-09-02 03:50,819
2024-09-02 04:00,830
2024-09-02 04:10,839
2024-09-02 04:20,845
2024-09-02 04:30,849
2024-09-02 04:40,850
2024-09-02 04:50,849
2024-09-02 05:00,846
2024-09-02 05:10,840
2024-09-02 05:20,831
2024-09-02 05:30,821
2024-09-02 05:40,808
2024-09-02 05:50,793
2024-09-02 06:00,776
2024-09-02 06:10,758
2024-09-02 06:20,738
2024-09-02 06:30,717
2024-09-02 06:40,694
2024-09-02 06:50,671
2024-09-02 07:00,647
2024-09-02 07:10,623
2024-09-02 07:20,597
2024-09-02 07:30,572
2024-09-02 07:40,546
2024-09-02 07:50,520
2024-09-02 08:00,494
2024-09-02 08:10,468
2024-09-02 08:20,442
2024-09-02 08:30,417
2024-09-02 08:40,391
2024-09-02 08:50,366
2024-09-02 09:00,342
2024-09-02 09:10,318
2024-09-02 09:20,296
2024-09-02 09:30,274
2024-09-02 09:40,254
2024-09-02 09:50,235
2024-09-02 10:00,218
2024-09-02 10:10,204
2024-09-02 10:20,191
2024-09-02 10:30,181
2024-09-02 10:40,174
2024-09-02 10:50,169
2024-09-02 11:00,167
2024-09-02 11:10,168
2024-09-02 11:20,172
2024-09-02 11:30,179
2024-09-02 11:40,189
2024-09-02 11:50,201
2024-09-02 12:00,216
2024-09-02 12:10,233
2024-09-02 12:20,252
2024-09-02 12:30,274
2024-09-02 12:40,296
2024-09-02 12:50,321
2024-09-02 13:00,346
2024-09-02 13:10,372
2024-09-02 13:20,399
2024-09-02 13:30,427
2024-09-02 13:40,454
2024-09-02 13:50,482
2024-09-02 14:00,509
2024-09-02 14:10,536
2024-09-02 14:20,563
2024-09-02 14:30,589
2024-09-02 14:40,614
2024-09-02 14:50,638
2024-09-02 15:00,661
2024-09-02 15:10,683
2024-09-02 15:20,704
2024-09-02 15:30,723
2024-09-02 15:40,741
2024-09-02 15:50,756
2024-09-02 16:00,770
2024-09-02 16:10,781
2024-09-02 16:20,790
2024-09-02 16:30,797
2024-09-02 16:40,801
2024-09-02 16:50,802
2024-09-02 17:00,801
2024-09-02 17:10,796
2024-09-02 17:20,789
2024-09-02 17:30,780
2024-09-02 17:40,768
2024-09-02 17:50,753
2024-09-02 18:00,736
2024-09-02 18:10,717
2024-09-02 18:20,696
2024-09-02 18:30,674
2024-09-02 18:40,650
2024-09-02 18:50,625
2024-09-02 19:00,599
2024-09-02 19:10,572
2024-09-02 19:20,545
2024-09-02 19:30,517
2024-09-02 19:40,489
2024-09-02 19:50,461
2024-09-02 20:00,433
2024-09-02 20:10,406
2024-09-02 20:20,379
2024-09-02 20:30,352
2024-09-02 20:40,325
2024-09-02 20:50,300
2024-09-02 21:00,274
2024-09-02 21:10,250
2024-09-02 21:20,227
2024-09-02 21:30,205
2024-09-02 21:40,184
2024-09-02 21:50,165
2024-09-02 22:00,148
2024-09-02 22:10,133
2024-09-02 22:20,120
2024-09-02 22:30,109
2024-09-02 22:40,101
2024-09-02 22:50,96
2024-09-02 23:00,94
2024-09-02 23:10,95
2024-09-02 23:20,100
2024-09-02 23:30,107
2024-09-02 23:40,117
2024-09-02 23:50,131
2024-09-03 00:00,147
2024-09-03 00:10,167
2024-09-03 00:20,188
2024-09-03 00:30,212
2024-09-03 00:40,238
2024-09-03 00:50,266
2024-09-03 01:00,295
2024-09-03 01:10,326
2024-09-03 01:20,357
2024-09-03 01:30,389
2024-09-03 01:40,421
2024-09-03 01:50,453
2024-09-03 02:00,485
2024-09-03 02:10,517
2024-09-03 02:20,548
2024-09-03 02:30,578
2024-09-03 02:40,608
2024-09-03 02:50,637
2024-09-03 03:00,665
2024-09-03 03:10,691
2024-09-03 03:20,717
2024-09-03 03:30,741
2024-09-03 03:40,763
2024-09-03 03:50,784
2024-09-03 04:00,802
2024-09-03 04:10,819
2024-09-03 04:20,834
2024-09-03 04:30,846
2024-09-03 04:40,856
2024-09-03 04:50,864
2024-09-03 05:00,868
2024-09-03 05:10,870
2024-09-03 05:20,870
2024-09-03 05:30,866
2024-09-03 05:40,860
2024-09-03 05:50,851
2024-09-03 06:00,839
2024-09-03 06:10,825
2024-09-03 06:20,809
2024-09-03 06:30,791
2024-09-03 06:40,771
2024-09-03 06:50,749
2024-09-03 07:00,726
2024-09-03 07:10,702
2024-09-03 07:20,677
2024-09-03 07:30,651
2024-09-03 07:40,624
2024-09-03 07:50,597
2024-09-03 08:00,570
2024-09-03 08:10,543
2024-09-03 08:20,515
2024-09-03 08:30,488
2024-09-03 08:40,460
2024-09-03 08:50,433
2024-09-03 09:00,406
2024-09-03 09:10,379
2024-09-03 09:20,352
2024-09-03 09:30,327
2024-09-03 09:40,302
2024-09-03 09:50,277
2024-09-03 10:00,254
2024-09-03 10:10,232
2024-09-03 10:20,212
2024-09-03 10:30,194
2024-09-03 10:40,178
2024-09-03 10:50,164
2024-09-03 11:00,153
2024-09-03 11:10,144
2024-09-03 11:20,139
2024-09-03 11:30,136
2024-09-03 11:40,137
2024-09-03 11:50,141
2024-09-03 12:00,148
2024-09-03 12:10,159
2024-09-03 12:20,172
2024-09-03 12:30,188
2024-09-03 12:40,207
2024-09-03 12:50,229
2024-09-03 13:00,252
2024-09-03 13:10,277
2024-09-03 13:20,304
2024-09-03 13:30,332
2024-09-03 13:40,361
2024-09-03 13:50,391
2024-09-03 14:00,421
2024-09-03 14:10,451
2024-09-03 14:20,481
2024-09-03 14:30,511
2024-09-03 14:40,541
2024-09-03 14:50,570
2024-09-03 15:00,598
2024-09-03 15:10,626
2024-09-03 15:20,652
2024-09-03 15:30,677
2024-09-03 15:40,701
2024-09-03 15:50,724
2024-09-03 16:00,744
2024-09-03 16:10,764
2024-09-03 16:20,781
2024-09-03 16:30,796
2024-09-03 16:40,808
2024-09-03 16:50,819
2024-09-03 17:00,826
2024-09-03 17:10,831
2024-09-03 17:20,833
2024-09-03 17:30,832
2024-09-03 17:40,829
2024-09-03 17:50,822
2024-09-03 18:00,812
2024-09-03 18:10,800
2024-09-03 18:20,785
2024-09-03 18:30,767
2024-09-03 18:40,747
2024-09-03 18:50,725
2024-09-03 19:00,702
2024-09-03 19:10,676
2024-09-03 19:20,650
2024-09-03 19:30,622
2024-09-03 19:40,594
2024-09-03 19:50,565
2024-09-03 20:00,536
2024-09-03 20:10,507
2024-09-03 20:20,477
2024-09-03 20:30,448
2024-09-03 20:40,419
2024-09-03 20:50,390
2024-09-03 21:00,362
2024-09-03 21:10,334
2024-09-03 21:20,306
2024-09-03 21:30,279
2024-09-03 21:40,254
2024-09-03 21:50,229
2024-09-03 22:00,205
2024-09-03 22:10,182
2024-09-03 22:20,161
2024-09-03 22:30,142
2024-09-03 22:40,125
2024-09-03 22:50,110
2024-09-03 23:00,97
2024-09-03 23:10,88
2024-09-03 23:20,81
2024-09-03 23:30,78
2024-09-03 23:40,78
2024-09-03 23:50,81
2024-09-04 00:00,87
2024-09-04 00:10,97
2024-09-04 00:20,111
2024-09-04 00:30,128
2024-09-04 00:40,147
2024-09-04 00:50,170
2024-09-04 01:00,195
2024-09-04 01:10,222
2024-09-04 01:20,251
2024-09-04 01:30,282
2024-09-04 01:40,314
2024-09-04 01:50,347
2024-09-04 02:00,381
2024-09-04 02:10,414
2024-09-04 02:20,448
2024-09-04 02:30,482
2024-09-04 02:40,515
2024-09-04 02:50,548
2024-09-04 03:00,580
2024-09-04 03:10,611
2024-09-04 03:20,641
2024-09-04 03:30,670
2024-09-04 03:40,698
2024-09-04 03:50,724
2024-09-04 04:00,748
2024-09-04 04:10,771
2024-09-04 04:20,792
2024-09-04 04:30,812
2024-09-04 04:40,829
2024-09-04 04:50,843
2024-09-04 05:00,856
2024-09-04 05:10,866
2024-09-04 05:20,873
2024-09-04 05:30,877
2024-09-04 05:40,878
2024-09-04 05:50,877
2024-09-04 06:00,873
2024-09-04 06:10,865
2024-09-04 06:20,855
2024-09-04 06:30,843
2024-09-04 06:40,827
2024-09-04 06:50,810
2024-09-04 07:00,790
2024-09-04 07:10,768
2024-09-04 07:20,745
2024-09-04 07:30,720
2024-09-04 07:40,695
2024-09-04 07:50,668
2024-09-04 08:00,641
2024-09-04 08:10,613
2024-09-04 08:20,585
2024-09-04 08:30,556
2024-09-04 08:40,528
2024-09-04 08:50,499
2024-09-04 09:00,471
2024-09-04 09:10,443
2024-09-04 09:20,415
2024-09-04 09:30,387
2024-09-04 09:40,360
2024-09-04 09:50,333
2024-09-04 10:00,307
2024-09-04 10:10,281
2024-09-04 10:20,257
2024-09-04 10:30,233
2024-09-04 10:40,211
2024-09-04 10:50,191
2024-09-04 11:00,173
2024-09-04 11:10,156
2024-09-04 11:20,142
2024-09-04 11:30,131
2024-09-04 11:40,123
2024-09-04 11:50,118
2024-09-04 12:00,116
2024-09-04 12:10,118
2024-09-04 12:20,123
2024-09-04 12:30,131
2024-09-04 12:40,143
2024-09-04 12:50,158
2024-09-04 13:00,175
2024-09-04 13:10,196
2024-09-04 13:20,219
2024-09-04 13:30,245
2024-09-04 13:40,272
2024-09-04 13:50,301
2024-09-04 14:00,331
2024-09-04 14:10,361
2024-09-04 14:20,393
2024-09-04 14:30,425
2024-09-04 14:40,457
2024-09-04 14:50,488
2024-09-04 15:00,520
2024-09-04 15:10,551
2024-09-04 15:20,581
2024-09-04 15:30,610
2024-09-04 15:40,638
2024-09-04 15:50,665
2024-09-04 16:00,691
2024-09-04 16:10,715
2024-09-04 16:20,738
2024-09-04 16:30,760
2024-09-04 16:40,779
2024-09-04 16:50,796
2024-09-04 17:00,811
2024-09-04 17:10,824
2024-09-04 17:20,835
2024-09-04 17:30,842
2024-09-04 17:40,847
2024-09-04 17:50,849
2024-09-04 18:00,848
2024-09-04 18:10,844
2024-09-04 18:20,837
2024-09-04 18:30,827
2024-09-04 18:40,814
2024-09-04 18:50,798
2024-09-04 19:00,780
2024-09-04 19:10,760
2024-09-04 19:20,738
2024-09-04 19:30,713
2024-09-04 19:40,688
2024-09-04 19:50,661
2024-09-04 20:00,633
2024-09-04 20:10,604
2024-09-04 20:20,574
2024-09-04 20:30,545
2024-09-04 20:40,515
2024-09-04 20:50,485
2024-09-04 21:00,455
2024-09-04 21:10,426
2024-09-04 21:20,396
2024-09-04 21:30,367
2024-09-04 21:40,339
2024-09-04 21:50,311
2024-09-04 22:00,284
2024-09-04 22:10,257
2024-09-04 22:20,232
2024-09-04 22:30,207
2024-09-04 22:40,184
2024-09-04 22:50,163
2024-09-04 23:00,143
2024-09-04 23:10,125
2024-09-04 23:20,109
2024-09-04 23:30,97
2024-09-04 23:40,86
2024-09-04 23:50,79
2024-09-05 00:00,76
2024-09-05 00:10,75
2024-09-05 00:20,78
2024-09-05 00:30,85
2024-09-05 00:40,95
2024-09-05 00:50,109
2024-09-05 01:00,126
2024-09-05 01:10,146
2024-09-05 01:20,170
2024-09-05 01:30,195
2024-09-05 01:40,223
2024-09-05 01:50,253
2024-09-05 02:00,285
2024-09-05 02:10,318
2024-09-05 02:20,352
2024-09-05 02:30,386
2024-09-05 02:40,421
2024-09-05 02:50,456
2024-09-05 03:00,490
2024-09-05 03:10,524
2024-09-05 03:20,557
2024-09-05 03:30,590
2024-09-05 03:40,621
2024-09-05 03:50,651
2024-09-05 04:00,680
2024-09-05 04:10,707
2024-09-05 04:20,733
2024-09-05 04:30,757
2024-09-05 04:40,779
2024-09-05 04:50,800
2024-09-05 05:00,818
2024-09-05 05:10,834
2024-09-05 05:20,848
2024-09-05 05:30,860
2024-09-05 05:40,868
2024-09-05 05:50,874
2024-09-05 06:00,877
2024-09-05 06:10,878
2024-09-05 06:20,875
2024-09-05 06:30,869
2024-09-05 06:40,860
2024-09-05 06:50,849
2024-09-05 07:00,835
2024-09-05 07:10,818
2024-09-05 07:20,799
2024-09-05 07:30,778
2024-09-05 07:40,755
2024-09-05 07:50,730
2024-09-05 08:00,704
2024-09-05 08:10,678
2024-09-05 08:20,650
2024-09-05 08:30,621
2024-09-05 08:40,593
2024-09-05 08:50,564
2024-09-05 09:00,534
2024-09-05 09:10,505
2024-09-05 09:20,476
2024-09-05 09:30,448
2024-09-05 09:40,419
2024-09-05 09:50,391
2024-09-05 10:00,363
2024-09-05 10:10,336
2024-09-05 10:20,309
2024-09-05 10:30,283
2024-09-05 10:40,258
2024-09-05 10:50,234
2024-09-05 11:00,212
2024-09-05 11:10,190
2024-09-05 11:20,171
2024-09-05 11:30,153
2024-09-05 11:40,138
2024-09-05 11:50,125
2024-09-05 12:00,116
2024-09-05 12:10,109
2024-09-05 12:20,105
2024-09-05 12:30,105
2024-09-05 12:40,108
2024-09-05 12:50,115
2024-09-05 13:00,125
2024-09-05 13:10,138
2024-09-05 13:20,155
2024-09-05 13:30,174
2024-09-05 13:40,196
2024-09-05 13:50,221
2024-09-05 14:00,248
2024-09-05 14:10,277
2024-09-05 14:20,307
2024-09-05 14:30,338
2024-09-05 14:40,370
2024-09-05 14:50,403
2024-09-05 15:00,436
2024-09-05 15:10,468
2024-09-05 15:20,501
2024-09-05 15:30,532
2024-09-05 15:40,563
2024-09-05 15:50,594
2024-09-05 16:00,623
2024-09-05 16:10,651
2024-09-05 16:20,678
2024-09-05 16:30,703
2024-09-05 16:40,727
2024-09-05 16:50,749
2024-09-05 17:00,770
2024-09-05 17:10,788
2024-09-05 17:20,805
2024-09-05 17:30,819
2024-09-05 17:40,831
2024-09-05 17:50,841
2024-09-05 18:00,847
2024-09-05 18:10,851
2024-09-05 18:20,853
2024-09-05 18:30,851
2024-09-05 18:40,846
2024-09-05 18:50,838
2024-09-05 19:00,828
2024-09-05 19:10,815
2024-09-05 19:20,799
2024-09-05 19:30,780
2024-09-05 19:40,760
2024-09-05 19:50,737
2024-09-05 20:00,713
2024-09-05 20:10,687
2024-09-05 20:20,661
2024-09-05 20:30,633
2024-09-05 20:40,604
2024-09-05 20:50,575
2024-09-05 21:00,546
2024-09-05 21:10,516
2024-09-05 21:20,487
2024-09-05 21:30,457
2024-09-05 21:40,428
2024-09-05 21:50,399
2024-09-05 22:00,370
2024-09-05 22:10,342
2024-09-05 22:20,315
2024-09-05 22:30,288
2024-09-05 22:40,262
2024-09-05 22:50,236
2024-09-05 23:00,212
2024-09-05 23:10,190
2024-09-05 23:20,168
2024-09-05 23:30,149
2024-09-05 23:40,132
2024-09-05 23:50,117
2024-09-06 00:00,104
2024-09-06 00:10,95
2024-09-06 00:20,88
2024-09-06 00:30,85
2024-09-06 00:40,85
2024-09-06 00:50,89
2024-09-06 01:00,96
2024-09-06 01:10,107
2024-09-06 01:20,121
2024-09-06 01:30,139
2024-09-06 01:40,160
2024-09-06 01:50,183
2024-09-06 02:00,210
2024-09-06 02:10,238
2024-09-06 02:20,268
2024-09-06 02:30,300
2024-09-06 02:40,333
2024-09-06 02:50,367
2024-09-06 03:00,402
2024-09-06 03:10,436
2024-09-06 03:20,471
2024-09-06 03:30,505
2024-09-06 03:40,538
2024-09-06 03:50,571
2024-09-06 04:00,602
2024-09-06 04:10,633
2024-09-06 04:20,662
2024-09-06 04:30,690
2024-09-06 04:40,716
2024-09-06 04:50,741
2024-09-06 05:00,764
2024-09-06 05:10,785
2024-09-06 05:20,804
2024-09-06 05:30,821
2024-09-06 05:40,835
2024-09-06 05:50,848
2024-09-06 06:00,857
2024-09-06 06:10,864
2024-09-06 06:20,869
2024-09-06 06:30,870
2024-09-06 06:40,868
2024-09-06 06:50,864
2024-09-06 07:00,857
2024-09-06 07:10,846
2024-09-06 07:20,833
2024-09-06 07:30,818
2024-09-06 07:40,800
2024-09-06 07:50,780
2024-09-06 08:00,757
2024-09-06 08:10,733
2024-09-06 08:20,708
2024-09-06 08:30,681
2024-09-06 08:40,654
2024-09-06 08:50,625
2024-09-06 09:00,596
2024-09-06 09:10,567
2024-09-06 09:20,538
2024-09-06 09:30,509
2024-09-06 09:40,479
2024-09-06 09:50,451
2024-09-06 10:00,422
2024-09-06 10:10,394
2024-09-06 10:20,366
2024-09-06 10:30,338
2024-09-06 10:40,312
2024-09-06 10:50,286
2024-09-06 11:00,260
2024-09-06 11:10,236
2024-09-06 11:20,213
2024-09-06 11:30,192
2024-09-06 11:40,172
2024-09-06 11:50,154
2024-09-06 12:00,138
2024-09-06 12:10,125
2024-09-06 12:20,114
2024-09-06 12:30,106
2024-09-06 12:40,101
2024-09-06 12:50,100
2024-09-06 13:00,101
2024-09-06 13:10,107
2024-09-06 13:20,115
2024-09-06 13:30,127
2024-09-06 13:40,142
2024-09-06 13:50,161
2024-09-06 14:00,182
2024-09-06 14:10,206
2024-09-06 14:20,232
2024-09-06 14:30,260
2024-09-06 14:40,290
2024-09-06 14:50,321
2024-09-06 15:00,353
2024-09-06 15:10,385
2024-09-06 15:20,418
2024-09-06 15:30,451
2024-09-06 15:40,483
2024-09-06 15:50,515
2024-09-06 16:00,546
2024-09-06 16:10,577
2024-09-06 16:20,606
2024-09-06 16:30,635
2024-09-06 16:40,662
2024-09-06 16:50,688
2024-09-06 17:00,712
2024-09-06 17:10,735
2024-09-06 17:20,756
2024-09-06 17:30,775
2024-09-06 17:40,792
2024-09-06 17:50,807
2024-09-06 18:00,820
2024-09-06 18:10,831
2024-09-06 18:20,839
2024-09-06 18:30,845
2024-09-06 18:40,847
2024-09-06 18:50,847
2024-09-06 19:00,845
2024-09-06 19:10,839
2024-09-06 19:20,831
2024-09-06 19:30,820
2024-09-06 19:40,806
2024-09-06 19:50,790
2024-09-06 20:00,771
2024-09-06 20:10,751
2024-09-06 20:20,729
2024-09-06 20:30,705
2024-09-06 20:40,680
2024-09-06 20:50,653
2024-09-06 21:00,626
2024-09-06 21:10,598
2024-09-06 21:20,570
2024-09-06 21:30,542
2024-09-06 21:40,513
2024-09-06 21:50,485
2024-09-06 22:00,456
2024-09-06 22:10,428
2024-09-06 22:20,400
2024-09-06 22:30,373
2024-09-06 22:40,346
2024-09-06 22:50,319
2024-09-06 23:00,294
2024-09-06 23:10,269
2024-09-06 23:20,244
2024-09-06 23:30,221
2024-09-06 23:40,200
2024-09-06 23:50,180
2024-09-07 00:00,162
2024-09-07 00:10,145
2024-09-07 00:20,132
2024-09-07 00:30,120
2024-09-07 00:40,112
2024-09-07 00:50,107
2024-09-07 01:00,105
2024-09-07 01:10,106
2024-09-07 01:20,110
2024-09-07 01:30,119
2024-09-07 01:40,130
2024-09-07 01:50,145
2024-09-07 02:00,163
2024-09-07 02:10,184
2024-09-07 02:20,208
2024-09-07 02:30,234
2024-09-07 02:40,262
2024-09-07 02:50,292
2024-09-07 03:00,323
2024-09-07 03:10,355
2024-09-07 03:20,388
2024-09-07 03:30,421
2024-09-07 03:40,455
2024-09-07 03:50,488
2024-09-07 04:00,520
2024-09-07 04:10,552
2024-09-07 04:20,583
2024-09-07 04:30,613
2024-09-07 04:40,642
2024-09-07 04:50,669
2024-09-07 05:00,695
2024-09-07 05:10,720
2024-09-07 05:20,743
2024-09-07 05:30,764
2024-09-07 05:40,783
2024-09-07 05:50,800
2024-09-07 06:00,815
2024-09-07 06:10,828
2024-09-07 06:20,838
2024-09-07 06:30,846
2024-09-07 06:40,851
2024-09-07 06:50,853
2024-09-07 07:00,853
2024-09-07 07:10,850
2024-09-07 07:20,844
2024-09-07 07:30,835
2024-09-07 07:40,824
2024-09-07 07:50,810
2024-09-07 08:00,793
2024-09-07 08:10,774
2024-09-07 08:20,753
2024-09-07 08:30,730
2024-09-07 08:40,706
2024-09-07 08:50,680
2024-09-07 09:00,653
2024-09-07 09:10,626
2024-09-07 09:20,597
2024-09-07 09:30,569
2024-09-07 09:40,540
2024-09-07 09:50,511
2024-09-07 10:00,482
2024-09-07 10:10,453
2024-09-07 10:20,425
2024-09-07 10:30,397
2024-09-07 10:40,369
2024-09-07 10:50,343
2024-09-07 11:00,316
2024-09-07 11:10,291
2024-09-07 11:20,266
2024-09-07 11:30,242
2024-09-07 11:40,219
2024-09-07 11:50,198
2024-09-07 12:00,178
2024-09-07 12:10,160
2024-09-07 12:20,144
2024-09-07 12:30,130
2024-09-07 12:40,119
2024-09-07 12:50,111
2024-09-07 13:00,105
2024-09-07 13:10,102
2024-09-07 13:20,103
2024-09-07 13:30,107
2024-09-07 13:40,114
2024-09-07 13:50,125
2024-09-07 14:00,138
2024-09-07 14:10,155
2024-09-07 14:20,175
2024-09-07 14:30,198
2024-09-07 14:40,222
2024-09-07 14:50,249
2024-09-07 15:00,278
2024-09-07 15:10,308
2024-09-07 15:20,339
2024-09-07 15:30,370
2024-09-07 15:40,402
2024-09-07 15:50,435
2024-09-07 16:00,467
2024-09-07 16:10,498
2024-09-07 16:20,529
2024-09-07 16:30,559
2024-09-07 16:40,589
2024-09-07 16:50,617
2024-09-07 17:00,643
2024-09-07 17:10,669
2024-09-07 17:20,693
2024-09-07 17:30,716
2024-09-07 17:40,737
2024-09-07 17:50,756
2024-09-07 18:00,774
2024-09-07 18:10,789
2024-09-07 18:20,803
2024-09-07 18:30,814
2024-09-07 18:40,823
2024-09-07 18:50,830
2024-09-07 19:00,834
2024-09-07 19:10,836
2024-09-07 19:20,835
2024-09-07 19:30,831
2024-09-07 19:40,825
2024-09-07 19:50,816
2024-09-07 20:00,804
2024-09-07 20:10,790
2024-09-07 20:20,774
2024-09-07 20:30,756
2024-09-07 20:40,736
2024-09-07 20:50,715
2024-09-07 21:00,692
2024-09-07 21:10,668
2024-09-07 21:20,642
2024-09-07 21:30,617
2024-09-07 21:40,590
2024-09-07 21:50,564
2024-09-07 22:00,537
2024-09-07 22:10,510
2024-09-07 22:20,483
2024-09-07 22:30,456
2024-09-07 22:40,430
2024-09-07 22:50,404
2024-09-07 23:00,378
2024-09-07 23:10,353
2024-09-07 23:20,328
2024-09-07 23:30,304
2024-09-07 23:40,281
2024-09-07 23:50,259
2024-09-08 00:00,238
2024-09-08 00:10,218
2024-09-08 00:20,200
2024-09-08 00:30,183
2024-09-08 00:40,169
2024-09-08 00:50,157
2024-09-08 01:00,147
2024-09-08 01:10,140
2024-09-08 01:20,136
2024-09-08 01:30,135
2024-09-08 01:40,137
2024-09-08 01:50,143
2024-09-08 02:00,151
2024-09-08 02:10,163
2024-09-08 02:20,178
2024-09-08 02:30,196
2024-09-08 02:40,216
2024-09-08 02:50,239
2024-09-08 03:00,264
2024-09-08 03:10,291
2024-09-08 03:20,320
2024-09-08 03:30,349
2024-09-08 03:40,379
2024-09-08 03:50,410
2024-09-08 04:00,441
2024-09-08 04:10,472
2024-09-08 04:20,503
2024-09-08 04:30,533
2024-09-08 04:40,562
2024-09-08 04:50,590
2024-09-08 05:00,618
2024-09-08 05:10,644
2024-09-08 05:20,669
2024-09-08 05:30,692
2024-09-08 05:40,714
2024-09-08 05:50,734
2024-09-08 06:00,753
2024-09-08 06:10,769
2024-09-08 06:20,784
2024-09-08 06:30,797
2024-09-08 06:40,808
2024-09-08 06:50,816
2024-09-08 07:00,822
2024-09-08 07:10,825
2024-09-08 07:20,826
2024-09-08 07:30,825
2024-09-08 07:40,820
2024-09-08 07:50,813
2024-09-08 08:00,804
2024-09-08 08:10,791
2024-09-08 08:20,777
2024-09-08 08:30,760
2024-09-08 08:40,741
2024-09-08 08:50,720
2024-09-08 09:00,697
2024-09-08 09:10,673
2024-09-08 09:20,648
2024-09-08 09:30,622
2024-09-08 09:40,595
2024-09-08 09:50,568
2024-09-08 10:00,540
2024-09-08 10:10,513
2024-09-08 10:20,485
2024-09-08 10:30,457
2024-09-08 10:40,430
2024-09-08 10:50,403
2024-09-08 11:00,377
2024-09-08 11:10,351
2024-09-08 11:20,325
2024-09-08 11:30,301
2024-09-08 11:40,277
2024-09-08 11:50,254
2024-09-08 12:00,233
2024-09-08 12:10,212
2024-09-08 12:20,193
2024-09-08 12:30,175
2024-09-08 12:40,159
2024-09-08 12:50,146
2024-09-08 13:00,134
2024-09-08 13:10,125
2024-09-08 13:20,119
2024-09-08 13:30,115
2024-09-08 13:40,114
2024-09-08 13:50,117
2024-09-08 14:00,122
2024-09-08 14:10,131
2024-09-08 14:20,143
2024-09-08 14:30,158
2024-09-08 14:40,175
2024-09-08 14:50,196
2024-09-08 15:00,218
2024-09-08 15:10,243
2024-09-08 15:20,270
2024-09-08 15:30,298
2024-09-08 15:40,327
2024-09-08 15:50,357
2024-09-08 16:00,388
2024-09-08 16:10,418
2024-09-08 16:20,449
2024-09-08 16:30,479
2024-09-08 16:40,509
2024-09-08 16:50,538
2024-09-08 17:00,567
2024-09-08 17:10,594
2024-09-08 17:20,620
2024-09-08 17:30,645
2024-09-08 17:40,668
2024-09-08 17:50,691
2024-09-08 18:00,711
2024-09-08 18:10,730
2024-09-08 18:20,748
2024-09-08 18:30,763
2024-09-08 18:40,777
2024-09-08 18:50,789
2024-09-08 19:00,799
2024-09-08 19:10,807
2024-09-08 19:20,812
2024-09-08 19:30,815
2024-09-08 19:40,816
2024-09-08 19:50,815
2024-09-08 20:00,810
2024-09-08 20:10,804
2024-09-08 20:20,795
2024-09-08 20:30,784
2024-09-08 20:40,771
2024-09-08 20:50,755
2024-09-08 21:00,738
2024-09-08 21:10,719
2024-09-08 21:20,699
2024-09-08 21:30,678
2024-09-08 21:40,655
2024-09-08 21:50,632
2024-09-08 22:00,608
2024-09-08 22:10,584
2024-09-08 22:20,559
2024-09-08 22:30,535
2024-09-08 22:40,510
2024-09-08 22:50,485
2024-09-08 23:00,461
2024-09-08 23:10,437
2024-09-08 23:20,413
2024-09-08 23:30,390
2024-09-08 23:40,367
2024-09-08 23:50,345
2024-09-09 00:00,324
2024-09-09 00:10,303
2024-09-09 00:20,283
2024-09-09 00:30,264
2024-09-09 00:40,247
2024-09-09 00:50,231
2024-09-09 01:00,217
2024-09-09 01:10,204
2024-09-09 01:20,194
2024-09-09 01:30,186
2024-09-09 01:40,180
2024-09-09 01:50,177
2024-09-09 02:00,177
2024-09-09 02:10,180
2024-09-09 02:20,186
2024-09-09 02:30,194
2024-09-09 02:40,205
2024-09-09 02:50,219
2024-09-09 03:00,236
2024-09-09 03:10,255
2024-09-09 03:20,276
2024-09-09 03:30,298
2024-09-09 03:40,323
2024-09-09 03:50,348
2024-09-09 04:00,375
2024-09-09 04:10,402
2024-09-09 04:20,429
2024-09-09 04:30,457
2024-09-09 04:40,484
2024-09-09 04:50,511
2024-09-09 05:00,538
2024-09-09 05:10,564
2024-09-09 05:20,588
2024-09-09 05:30,612
2024-09-09 05:40,635
2024-09-09 05:50,656
2024-09-09 06:00,676
2024-09-09 06:10,695
2024-09-09 06:20,713
2024-09-09 06:30,728
2024-09-09 06:40,742
2024-09-09 06:50,755
2024-09-09 07:00,765
2024-09-09 07:10,774
2024-09-09 07:20,780
2024-09-09 07:30,784
2024-09-09 07:40,787
2024-09-09 07:50,786
2024-09-09 08:00,784
2024-09-09 08:10,779
2024-09-09 08:20,771
2024-09-09 08:30,762
2024-09-09 08:40,750
2024-09-09 08:50,736
2024-09-09 09:00,720
2024-09-09 09:10,702
2024-09-09 09:20,682
2024-09-09 09:30,661
2024-09-09 09:40,639
2024-09-09 09:50,615
2024-09-09 10:00,591
2024-09-09 10:10,566
2024-09-09 10:20,541
2024-09-09 10:30,515
2024-09-09 10:40,490
2024-09-09 10:50,464
2024-09-09 11:00,439
2024-09-09 11:10,414
2024-09-09 11:20,389
2024-09-09 11:30,365
2024-09-09 11:40,342
2024-09-09 11:50,319
2024-09-09 12:00,297
2024-09-09 12:10,275
2024-09-09 12:20,255
2024-09-09 12:30,236
2024-09-09 12:40,218
2024-09-09 12:50,201
2024-09-09 13:00,186
2024-09-09 13:10,173
2024-09-09 13:20,161
2024-09-09 13:30,152
2024-09-09 13:40,145
2024-09-09 13:50,140
2024-09-09 14:00,138
2024-09-09 14:10,139
2024-09-09 14:20,142
2024-09-09 14:30,148
2024-09-09 14:40,157
2024-09-09 14:50,169
2024-09-09 15:00,184
2024-09-09 15:10,201
2024-09-09 15:20,220
2024-09-09 15:30,242
2024-09-09 15:40,265
2024-09-09 15:50,290
2024-09-09 16:00,316
2024-09-09 16:10,343
2024-09-09 16:20,371
2024-09-09 16:30,399
2024-09-09 16:40,427
2024-09-09 16:50,455
2024-09-09 17:00,483
2024-09-09 17:10,510
2024-09-09 17:20,537
2024-09-09 17:30,563
2024-09-09 17:40,588
2024-09-09 17:50,611
2024-09-09 18:00,634
2024-09-09 18:10,655
2024-09-09 18:20,675
2024-09-09 18:30,694
2024-09-09 18:40,711
2024-09-09 18:50,727
2024-09-09 19:00,741
2024-09-09 19:10,753
2024-09-09 19:20,764
2024-09-09 19:30,773
2024-09-09 19:40,780
2024-09-09 19:50,785
2024-09-09 20:00,787
2024-09-09 20:10,788
2024-09-09 20:20,787
2024-09-09 20:30,783
2024-09-09 20:40,777
2024-09-09 20:50,769
2024-09-09 21:00,759
2024-09-09 21:10,748
2024-09-09 21:20,734
2024-09-09 21:30,719
2024-09-09 21:40,702
2024-09-09 21:50,685
2024-09-09 22:00,666
2024-09-09 22:10,646
2024-09-09 22:20,625
2024-09-09 22:30,604
2024-09-09 22:40,583
2024-09-09 22:50,561
2024-09-09 23:00,539
2024-09-09 23:10,518
2024-09-09 23:20,496
2024-09-09 23:30,475
2024-09-09 23:40,454
2024-09-09 23:50,433
2024-09-10 00:00,413
2024-09-10 00:10,393
2024-09-10 00:20,374
2024-09-10 00:30,355
2024-09-10 00:40,337
2024-09-10 00:50,320
2024-09-10 01:00,304
2024-09-10 01:10,289
2024-09-10 01:20,276
2024-09-10 01:30,264
2024-09-10 01:40,253
2024-09-10 01:50,244
2024-09-10 02:00,238
2024-09-10 02:10,233
2024-09-10 02:20,231
2024-09-10 02:30,231
2024-09-10 02:40,233
2024-09-10 02:50,238
2024-09-10 03:00,245
2024-09-10 03:10,255
2024-09-10 03:20,266
2024-09-10 03:30,280
2024-09-10 03:40,296
2024-09-10 03:50,314
2024-09-10 04:00,333
2024-09-10 04:10,353
2024-09-10 04:20,374
2024-09-10 04:30,397
2024-09-10 04:40,419
2024-09-10 04:50,442
2024-09-10 05:00,465
2024-09-10 05:10,488
2024-09-10 05:20,510
2024-09-10 05:30,532
2024-09-10 05:40,554
2024-09-10 05:50,574
2024-09-10 06:00,594
2024-09-10 06:10,613
2024-09-10 06:20,630
2024-09-10 06:30,647
2024-09-10 06:40,662
2024-09-10 06:50,676
2024-09-10 07:00,689
2024-09-10 07:10,701
2024-09-10 07:20,710
2024-09-10 07:30,719
2024-09-10 07:40,726
2024-09-10 07:50,731
2024-09-10 08:00,734
2024-09-10 08:10,735
2024-09-10 08:20,734
2024-09-10 08:30,732
2024-09-10 08:40,727
2024-09-10 08:50,721
2024-09-10 09:00,712
2024-09-10 09:10,702
2024-09-10 09:20,689
2024-09-10 09:30,676
2024-09-10 09:40,660
2024-09-10 09:50,643
2024-09-10 10:00,625
2024-09-10 10:10,605
2024-09-10 10:20,585
2024-09-10 10:30,564
2024-09-10 10:40,542
2024-09-10 10:50,520
2024-09-10 11:00,498
2024-09-10 11:10,476
2024-09-10 11:20,454
2024-09-10 11:30,432
2024-09-10 11:40,410
2024-09-10 11:50,388
2024-09-10 12:00,367
2024-09-10 12:10,347
2024-09-10 12:20,327
2024-09-10 12:30,308
2024-09-10 12:40,290
2024-09-10 12:50,272
2024-09-10 13:00,256
2024-09-10 13:10,240
2024-09-10 13:20,226
2024-09-10 13:30,213
2024-09-10 13:40,202
2024-09-10 13:50,192
2024-09-10 14:00,185
2024-09-10 14:10,179
2024-09-10 14:20,175
2024-09-10 14:30,174
2024-09-10 14:40,175
2024-09-10 14:50,178
2024-09-10 15:00,183
2024-09-10 15:10,191
2024-09-10 15:20,201
2024-09-10 15:30,214
2024-09-10 15:40,228
2024-09-10 15:50,245
2024-09-10 16:00,263
2024-09-10 16:10,283
2024-09-10 16:20,304
2024-09-10 16:30,327
2024-09-10 16:40,350
2024-09-10 16:50,374
2024-09-10 17:00,398
2024-09-10 17:10,423
2024-09-10 17:20,447
2024-09-10 17:30,472
2024-09-10 17:40,496
2024-09-10 17:50,519
2024-09-10 18:00,542
2024-09-10 18:10,564
2024-09-10 18:20,585
2024-09-10 18:30,605
2024-09-10 18:40,624
2024-09-10 18:50,642
2024-09-10 19:00,659
2024-09-10 19:10,675
2024-09-10 19:20,689
2024-09-10 19:30,702
2024-09-10 19:40,714
2024-09-10 19:50,724
2024-09-10 20:00,733
2024-09-10 20:10,739
2024-09-10 20:20,745
2024-09-10 20:30,748
2024-09-10 20:40,750
2024-09-10 20:50,750
2024-09-10 21:00,748
2024-09-10 21:10,744
2024-09-10 21:20,739
2024-09-10 21:30,731
2024-09-10 21:40,723
2024-09-10 21:50,712
2024-09-10 22:00,701
2024-09-10 22:10,688
2024-09-10 22:20,674
2024-09-10 22:30,658
2024-09-10 22:40,642
2024-09-10 22:50,626
2024-09-10 23:00,609
2024-09-10 23:10,591
2024-09-10 23:20,573
2024-09-10 23:30,555
2024-09-10 23:40,537
2024-09-10 23:50,519
2024-09-11 00:00,502
2024-09-11 00:10,484
2024-09-11 00:20,467
2024-09-11 00:30,450
2024-09-11 00:40,433
2024-09-11 00:50,417
2024-09-11 01:00,401
2024-09-11 01:10,386
2024-09-11 01:20,372
2024-09-11 01:30,359
2024-09-11 01:40,346
2024-09-11 01:50,335
2024-09-11 02:00,324
2024-09-11 02:10,315
2024-09-11 02:20,308
2024-09-11 02:30,302
2024-09-11 02:40,297
2024-09-11 02:50,295
2024-09-11 03:00,294
2024-09-11 03:10,295
2024-09-11 03:20,297
2024-09-11 03:30,302
2024-09-11 03:40,308
2024-09-11 03:50,316
2024-09-11 04:00,326
2024-09-11 04:10,337
2024-09-11 04:20,350
2024-09-11 04:30,364
2024-09-11 04:40,379
2024-09-11 04:50,394
2024-09-11 05:00,411
2024-09-11 05:10,428
2024-09-11 05:20,445
2024-09-11 05:30,462
2024-09-11 05:40,479
2024-09-11 05:50,496
2024-09-11 06:00,513
2024-09-11 06:10,529
2024-09-11 06:20,545
2024-09-11 06:30,561
2024-09-11 06:40,575
2024-09-11 06:50,589
2024-09-11 07:00,602
2024-09-11 07:10,614
2024-09-11 07:20,625
2024-09-11 07:30,635
2024-09-11 07:40,644
2024-09-11 07:50,652
2024-09-11 08:00,659
2024-09-11 08:10,665
2024-09-11 08:20,669
2024-09-11 08:30,672
2024-09-11 08:40,673
2024-09-11 08:50,673
2024-09-11 09:00,672
2024-09-11 09:10,669
2024-09-11 09:20,664
2024-09-11 09:30,658
2024-09-11 09:40,651
2024-09-11 09:50,642
2024-09-11 10:00,632
2024-09-11 10:10,620
2024-09-11 10:20,607
2024-09-11 10:30,594
2024-09-11 10:40,579
2024-09-11 10:50,563
2024-09-11 11:00,547
2024-09-11 11:10,530
2024-09-11 11:20,513
2024-09-11 11:30,495
2024-09-11 11:40,477
2024-09-11 11:50,459
2024-09-11 12:00,442
2024-09-11 12:10,424
2024-09-11 12:20,406
2024-09-11 12:30,389
2024-09-11 12:40,372
2024-09-11 12:50,355
2024-09-11 13:00,339
2024-09-11 13:10,324
2024-09-11 13:20,309
2024-09-11 13:30,295
2024-09-11 13:40,282
2024-09-11 13:50,270
2024-09-11 14:00,259
2024-09-11 14:10,249
2024-09-11 14:20,241
2024-09-11 14:30,234
2024-09-11 14:40,228
2024-09-11 14:50,224
2024-09-11 15:00,222
2024-09-11 15:10,221
2024-09-11 15:20,222
2024-09-11 15:30,225
2024-09-11 15:40,230
2024-09-11 15:50,237
2024-09-11 16:00,245
2024-09-11 16:10,255
2024-09-11 16:20,267
2024-09-11 16:30,280
2024-09-11 16:40,295
2024-09-11 16:50,311
2024-09-11 17:00,327
2024-09-11 17:10,345
2024-09-11 17:20,363
2024-09-11 17:30,382
2024-09-11 17:40,402
2024-09-11 17:50,421
2024-09-11 18:00,441
2024-09-11 18:10,460
2024-09-11 18:20,480
2024-09-11 18:30,499
2024-09-11 18:40,518
2024-09-11 18:50,536
2024-09-11 19:00,554
2024-09-11 19:10,571
2024-09-11 19:20,587
2024-09-11 19:30,602
2024-09-11 19:40,617
2024-09-11 19:50,631
2024-09-11 20:00,643
2024-09-11 20:10,655
2024-09-11 20:20,666
2024-09-11 20:30,675
2024-09-11 20:40,683
2024-09-11 20:50,690
2024-09-11 21:00,696
2024-09-11 21:10,700
2024-09-11 21:20,702
2024-09-11 21:30,704
2024-09-11 21:40,704
2024-09-11 21:50,702
2024-09-11 22:00,699
2024-09-11 22:10,695
2024-09-11 22:20,690
2024-09-11 22:30,683
2024-09-11 22:40,675
2024-09-11 22:50,667
2024-09-11 23:00,657
2024-09-11 23:10,646
2024-09-11 23:20,635
2024-09-11 23:30,623
2024-09-11 23:40,611
2024-09-11 23:50,598
2024-09-12 00:00,585
2024-09-12 00:10,571
2024-09-12 00:20,558
2024-09-12 00:30,544
2024-09-12 00:40,530
2024-09-12 00:50,517
2024-09-12 01:00,503
2024-09-12 01:10,490
2024-09-12 01:20,477
2024-09-12 01:30,464
2024-09-12 01:40,452
2024-09-12 01:50,440
2024-09-12 02:00,429
2024-09-12 02:10,418
2024-09-12 02:20,408
2024-09-12 02:30,398
2024-09-12 02:40,390
2024-09-12 02:50,382
2024-09-12 03:00,376
2024-09-12 03:10,371
2024-09-12 03:20,366
2024-09-12 03:30,363
2024-09-12 03:40,361
2024-09-12 03:50,361
2024-09-12 04:00,361
2024-09-12 04:10,363
2024-09-12 04:20,366
2024-09-12 04:30,370
2024-09-12 04:40,376
2024-09-12 04:50,382
2024-09-12 05:00,389
2024-09-12 05:10,397
2024-09-12 05:20,406
2024-09-12 05:30,415
2024-09-12 05:40,425
2024-09-12 05:50,436
2024-09-12 06:00,446
2024-09-12 06:10,457
2024-09-12 06:20,468
2024-09-12 06:30,479
2024-09-12 06:40,490
2024-09-12 06:50,501
2024-09-12 07:00,511
2024-09-12 07:10,522
2024-09-12 07:20,531
2024-09-12 07:30,541
2024-09-12 07:40,550
2024-09-12 07:50,559
2024-09-12 08:00,567
2024-09-12 08:10,575
2024-09-12 08:20,581
2024-09-12 08:30,588
2024-09-12 08:40,593
2024-09-12 08:50,598
2024-09-12 09:00,601
2024-09-12 09:10,604
2024-09-12 09:20,606
2024-09-12 09:30,607
2024-09-12 09:40,607
2024-09-12 09:50,606
2024-09-12 10:00,604
2024-09-12 10:10,601
2024-09-12 10:20,597
2024-09-12 10:30,592
2024-09-12 10:40,586
2024-09-12 10:50,579
2024-09-12 11:00,571
2024-09-12 11:10,562
2024-09-12 11:20,553
2024-09-12 11:30,543
2024-09-12 11:40,532
2024-09-12 11:50,521
2024-09-12 12:00,509
2024-09-12 12:10,497
2024-09-12 12:20,485
2024-09-12 12:30,472
2024-09-12 12:40,459
2024-09-12 12:50,446
2024-09-12 13:00,433
2024-09-12 13:10,420
2024-09-12 13:20,407
2024-09-12 13:30,394
2024-09-12 13:40,382
2024-09-12 13:50,369
2024-09-12 14:00,357
2024-09-12 14:10,346
2024-09-12 14:20,335
2024-09-12 14:30,325
2024-09-12 14:40,315
2024-09-12 14:50,306
2024-09-12 15:00,299
2024-09-12 15:10,292
2024-09-12 15:20,286
2024-09-12 15:30,281
2024-09-12 15:40,277
2024-09-12 15:50,275
2024-09-12 16:00,273
2024-09-12 16:10,273
2024-09-12 16:20,275
2024-09-12 16:30,277
2024-09-12 16:40,281
2024-09-12 16:50,286
2024-09-12 17:00,292
2024-09-12 17:10,300
2024-09-12 17:20,308
2024-09-12 17:30,317
2024-09-12 17:40,328
2024-09-12 17:50,339
2024-09-12 18:00,351
2024-09-12 18:10,363
2024-09-12 18:20,377
2024-09-12 18:30,390
2024-09-12 18:40,404
2024-09-12 18:50,419
2024-09-12 19:00,433
2024-09-12 19:10,448
2024-09-12 19:20,463
2024-09-12 19:30,478
2024-09-12 19:40,493
2024-09-12 19:50,507
2024-09-12 20:00,522
2024-09-12 20:10,536
2024-09-12 20:20,549
2024-09-12 20:30,562
2024-09-12 20:40,575
2024-09-12 20:50,587
2024-09-12 21:00,598
2024-09-12 21:10,609
2024-09-12 21:20,619
2024-09-12 21:30,628
2024-09-12 21:40,636
2024-09-12 21:50,643
2024-09-12 22:00,649
2024-09-12 22:10,654
2024-09-12 22:20,659
2024-09-12 22:30,662
2024-09-12 22:40,664
2024-09-12 22:50,665
2024-09-12 23:00,665
2024-09-12 23:10,664
2024-09-12 23:20,662
2024-09-12 23:30,659
2024-09-12 23:40,656
2024-09-12 23:50,651
2024-09-13 00:00,646
2024-09-13 00:10,640
2024-09-13 00:20,634
2024-09-13 00:30,626
2024-09-13 00:40,619
2024-09-13 00:50,610
2024-09-13 01:00,602
2024-09-13 01:10,592
2024-09-13 01:20,583
2024-09-13 01:30,573
2024-09-13 01:40,563
2024-09-13 01:50,553
2024-09-13 02:00,543
2024-09-13 02:10,533
2024-09-13 02:20,523
2024-09-13 02:30,513
2024-09-13 02:40,503
2024-09-13 02:50,493
2024-09-13 03:00,484
2024-09-13 03:10,475
2024-09-13 03:20,466
2024-09-13 03:30,458
2024-09-13 03:40,450
2024-09-13 03:50,443
2024-09-13 04:00,436
2024-09-13 04:10,431
2024-09-13 04:20,425
2024-09-13 04:30,421
2024-09-13 04:40,417
2024-09-13 04:50,414
2024-09-13 05:00,411
2024-09-13 05:10,410
2024-09-13 05:20,409
2024-09-13 05:30,408
2024-09-13 05:40,408
2024-09-13 05:50,409
2024-09-13 06:00,411
2024-09-13 06:10,413
2024-09-13 06:20,416
2024-09-13 06:30,419
2024-09-13 06:40,423
2024-09-13 06:50,427
2024-09-13 07:00,431
2024-09-13 07:10,436
2024-09-13 07:20,442
2024-09-13 07:30,447
2024-09-13 07:40,453
2024-09-13 07:50,459
2024-09-13 08:00,466
2024-09-13 08:10,472
2024-09-13 08:20,479
2024-09-13 08:30,486
2024-09-13 08:40,492
2024-09-13 08:50,499
2024-09-13 09:00,505
2024-09-13 09:10,512
2024-09-13 09:20,518
2024-09-13 09:30,524
2024-09-13 09:40,529
2024-09-13 09:50,535
2024-09-13 10:00,539
2024-09-13 10:10,544
2024-09-13 10:20,548
2024-09-13 10:30,551
2024-09-13 10:40,554
2024-09-13 10:50,556
2024-09-13 11:00,557
2024-09-13 11:10,558
2024-09-13 11:20,559
2024-09-13 11:30,558
2024-09-13 11:40,557
2024-09-13 11:50,555
2024-09-13 12:00,552
2024-09-13 12:10,549
2024-09-13 12:20,545
2024-09-13 12:30,541
2024-09-13 12:40,535
2024-09-13 12:50,529
2024-09-13 13:00,523
2024-09-13 13:10,516
2024-09-13 13:20,508
2024-09-13 13:30,500
2024-09-13 13:40,491
2024-09-13 13:50,482
2024-09-13 14:00,472
2024-09-13 14:10,462
2024-09-13 14:20,452
2024-09-13 14:30,442
2024-09-13 14:40,431
2024-09-13 14:50,421
2024-09-13 15:00,410
2024-09-13 15:10,400
2024-09-13 15:20,389
2024-09-13 15:30,379
2024-09-13 15:40,369
2024-09-13 15:50,360
2024-09-13 16:00,351
2024-09-13 16:10,343
2024-09-13 16:20,335
2024-09-13 16:30,328
2024-09-13 16:40,322
2024-09-13 16:50,316
2024-09-13 17:00,311
2024-09-13 17:10,307
2024-09-13 17:20,304
2024-09-13 17:30,302
2024-09-13 17:40,301
2024-09-13 17:50,301
2024-09-13 18:00,301
2024-09-13 18:10,303
2024-09-13 18:20,306
2024-09-13 18:30,309
2024-09-13 18:40,314
2024-09-13 18:50,319
2024-09-13 19:00,326
2024-09-13 19:10,333
2024-09-13 19:20,341
2024-09-13 19:30,351
2024-09-13 19:40,360
2024-09-13 19:50,371
2024-09-13 20:00,382
2024-09-13 20:10,394
2024-09-13 20:20,407
2024-09-13 20:30,420
2024-09-13 20:40,433
2024-09-13 20:50,447
2024-09-13 21:00,461
2024-09-13 21:10,475
2024-09-13 21:20,489
2024-09-13 21:30,503
2024-09-13 21:40,517
2024-09-13 21:50,531
2024-09-13 22:00,544
2024-09-13 22:10,557
2024-09-13 22:20,570
2024-09-13 22:30,582
2024-09-13 22:40,594
2024-09-13 22:50,605
2024-09-13 23:00,616
2024-09-13 23:10,625
2024-09-13 23:20,634
2024-09-13 23:30,642
2024-09-13 23:40,650
2024-09-13 23:50,656
2024-09-14 00:00,661
2024-09-14 00:10,666
2024-09-14 00:20,670
2024-09-14 00:30,672
2024-09-14 00:40,674
2024-09-14 00:50,675
2024-09-14 01:00,675
2024-09-14 01:10,673
2024-09-14 01:20,671
2024-09-14 01:30,668
2024-09-14 01:40,665
2024-09-14 01:50,660
2024-09-14 02:00,655
2024-09-14 02:10,648
2024-09-14 02:20,641
2024-09-14 02:30,634
2024-09-14 02:40,625
2024-09-14 02:50,617
2024-09-14 03:00,607
2024-09-14 03:10,598
2024-09-14 03:20,587
2024-09-14 03:30,577
2024-09-14 03:40,566
2024-09-14 03:50,555
2024-09-14 04:00,544
2024-09-14 04:10,533
2024-09-14 04:20,522
2024-09-14 04:30,511
2024-09-14 04:40,500
2024-09-14 04:50,489
2024-09-14 05:00,479
2024-09-14 05:10,469
2024-09-14 05:20,458
2024-09-14 05:30,449
2024-09-14 05:40,440
2024-09-14 05:50,431
2024-09-14 06:00,422
2024-09-14 06:10,414
2024-09-14 06:20,407
2024-09-14 06:30,400
2024-09-14 06:40,394
2024-09-14 06:50,389
2024-09-14 07:00,384
2024-09-14 07:10,381
2024-09-14 07:20,378
2024-09-14 07:30,375
2024-09-14 07:40,374
2024-09-14 07:50,373
2024-09-14 08:00,374
2024-09-14 08:10,375
2024-09-14 08:20,377
2024-09-14 08:30,380
2024-09-14 08:40,384
2024-09-14 08:50,388
2024-09-14 09:00,394
2024-09-14 09:10,400
2024-09-14 09:20,407
2024-09-14 09:30,414
2024-09-14 09:40,422
2024-09-14 09:50,431
2024-09-14 10:00,439
2024-09-14 10:10,449
2024-09-14 10:20,458
2024-09-14 10:30,468
2024-09-14 10:40,478
2024-09-14 10:50,488
2024-09-14 11:00,498
2024-09-14 11:10,507
2024-09-14 11:20,517
2024-09-14 11:30,526
2024-09-14 11:40,535
2024-09-14 11:50,543
2024-09-14 12:00,551
2024-09-14 12:10,558
2024-09-14 12:20,565
2024-09-14 12:30,571
2024-09-14 12:40,576
2024-09-14 12:50,580
2024-09-14 13:00,583
2024-09-14 13:10,586
2024-09-14 13:20,587
2024-09-14 13:30,587
2024-09-14 13:40,587
2024-09-14 13:50,585
2024-09-14 14:00,582
2024-09-14 14:10,578
2024-09-14 14:20,573
2024-09-14 14:30,567
2024-09-14 14:40,560
2024-09-14 14:50,552
2024-09-14 15:00,543
2024-09-14 15:10,534
2024-09-14 15:20,523
2024-09-14 15:30,512
2024-09-14 15:40,499
2024-09-14 15:50,487
2024-09-14 16:00,474
2024-09-14 16:10,460
2024-09-14 16:20,447
2024-09-14 16:30,433
2024-09-14 16:40,419
2024-09-14 16:50,405
2024-09-14 17:00,391
2024-09-14 17:10,378
2024-09-14 17:20,364
2024-09-14 17:30,352
2024-09-14 17:40,339
2024-09-14 17:50,327
2024-09-14 18:00,316
2024-09-14 18:10,306
2024-09-14 18:20,297
2024-09-14 18:30,288
2024-09-14 18:40,280
2024-09-14 18:50,274
2024-09-14 19:00,268
2024-09-14 19:10,264
2024-09-14 19:20,261
2024-09-14 19:30,259
2024-09-14 19:40,259
2024-09-14 19:50,259
2024-09-14 20:00,262
2024-09-14 20:10,265
2024-09-14 20:20,271
2024-09-14 20:30,277
2024-09-14 20:40,285
2024-09-14 20:50,294
2024-09-14 21:00,305
2024-09-14 21:10,317
2024-09-14 21:20,330
2024-09-14 21:30,344
2024-09-14 21:40,359
2024-09-14 21:50,375
2024-09-14 22:00,392
2024-09-14 22:10,410
2024-09-14 22:20,428
2024-09-14 22:30,446
2024-09-14 22:40,465
2024-09-14 22:50,484
2024-09-14 23:00,503
2024-09-14 23:10,522
2024-09-14 23:20,541
2024-09-14 23:30,559
2024-09-14 23:40,577
2024-09-14 23:50,595
2024-09-15 00:00,612
2024-09-15 00:10,628
2024-09-15 00:20,643
2024-09-15 00:30,657
2024-09-15 00:40,671
2024-09-15 00:50,683
2024-09-15 01:00,694
2024-09-15 01:10,705
2024-09-15 01:20,713
2024-09-15 01:30,721
2024-09-15 01:40,727
2024-09-15 01:50,732
2024-09-15 02:00,736
2024-09-15 02:10,738
2024-09-15 02:20,739
2024-09-15 02:30,738
2024-09-15 02:40,736
2024-09-15 02:50,733
2024-09-15 03:00,728
2024-09-15 03:10,722
2024-09-15 03:20,714
2024-09-15 03:30,706
2024-09-15 03:40,696
2024-09-15 03:50,685
2024-09-15 04:00,673
2024-09-15 04:10,660
2024-09-15 04:20,646
2024-09-15 04:30,632
2024-09-15 04:40,617
2024-09-15 04:50,601
2024-09-15 05:00,585
2024-09-15 05:10,569
2024-09-15 05:20,552
2024-09-15 05:30,535
2024-09-15 05:40,518
2024-09-15 05:50,501
2024-09-15 06:00,484
2024-09-15 06:10,468
2024-09-15 06:20,451
2024-09-15 06:30,435
2024-09-15 06:40,419
2024-09-15 06:50,404
2024-09-15 07:00,389
2024-09-15 07:10,375
2024-09-15 07:20,362
2024-09-15 07:30,350
2024-09-15 07:40,338
2024-09-15 07:50,328
2024-09-15 08:00,318
2024-09-15 08:10,310
2024-09-15 08:20,303
2024-09-15 08:30,298
2024-09-15 08:40,294
2024-09-15 08:50,291
2024-09-15 09:00,290
2024-09-15 09:10,291
2024-09-15 09:20,293
2024-09-15 09:30,297
2024-09-15 09:40,302
2024-09-15 09:50,309
2024-09-15 10:00,317
2024-09-15 10:10,327
2024-09-15 10:20,338
2024-09-15 10:30,350
2024-09-15 10:40,363
2024-09-15 10:50,378
2024-09-15 11:00,393
2024-09-15 11:10,409
2024-09-15 11:20,425
2024-09-15 11:30,442
2024-09-15 11:40,459
2024-09-15 11:50,476
2024-09-15 12:00,493
2024-09-15 12:10,510
2024-09-15 12:20,527
2024-09-15 12:30,544
2024-09-15 12:40,560
2024-09-15 12:50,575
2024-09-15 13:00,590
2024-09-15 13:10,603
2024-09-15 13:20,616
2024-09-15 13:30,628
2024-09-15 13:40,638
2024-09-15 13:50,647
2024-09-15 14:00,655
2024-09-15 14:10,662
2024-09-15 14:20,667
2024-09-15 14:30,670
2024-09-15 14:40,672
2024-09-15 14:50,671
2024-09-15 15:00,670
2024-09-15 15:10,666
2024-09-15 15:20,661
2024-09-15 15:30,654
2024-09-15 15:40,645
2024-09-15 15:50,634
2024-09-15 16:00,622
2024-09-15 16:10,609
2024-09-15 16:20,594
2024-09-15 16:30,578
2024-09-15 16:40,561
2024-09-15 16:50,543
2024-09-15 17:00,524
2024-09-15 17:10,504
2024-09-15 17:20,484
2024-09-15 17:30,464
2024-09-15 17:40,443
2024-09-15 17:50,422
2024-09-15 18:00,402
2024-09-15 18:10,381
2024-09-15 18:20,361
2024-09-15 18:30,341
2024-09-15 18:40,322
2024-09-15 18:50,304
2024-09-15 19:00,286
2024-09-15 19:10,270
2024-09-15 19:20,254
2024-09-15 19:30,239
2024-09-15 19:40,226
2024-09-15 19:50,214
2024-09-15 20:00,204
2024-09-15 20:10,195
2024-09-15 20:20,187
2024-09-15 20:30,182
2024-09-15 20:40,178
2024-09-15 20:50,177
2024-09-15 21:00,177
2024-09-15 21:10,180
2024-09-15 21:20,184
2024-09-15 21:30,191
2024-09-15 21:40,200
2024-09-15 21:50,211
2024-09-15 22:00,224
2024-09-15 22:10,239
2024-09-15 22:20,256
2024-09-15 22:30,275
2024-09-15 22:40,295
2024-09-15 22:50,317
2024-09-15 23:00,340
2024-09-15 23:10,364
2024-09-15 23:20,389
2024-09-15 23:30,414
2024-09-15 23:40,440
2024-09-15 23:50,466
2024-09-16 00:00,492
2024-09-16 00:10,519
2024-09-16 00:20,544
2024-09-16 00:30,570
2024-09-16 00:40,595
2024-09-16 00:50,619
2024-09-16 01:00,642
2024-09-16 01:10,664
2024-09-16 01:20,685
2024-09-16 01:30,705
2024-09-16 01:40,723
2024-09-16 01:50,740
2024-09-16 02:00,756
2024-09-16 02:10,770
2024-09-16 02:20,782
2024-09-16 02:30,793
2024-09-16 02:40,802
2024-09-16 02:50,808
2024-09-16 03:00,813
2024-09-16 03:10,816
2024-09-16 03:20,817
2024-09-16 03:30,815
2024-09-16 03:40,812
2024-09-16 03:50,806
2024-09-16 04:00,799
2024-09-16 04:10,789
2024-09-16 04:20,778
2024-09-16 04:30,765
2024-09-16 04:40,750
2024-09-16 04:50,734
2024-09-16 05:00,716
2024-09-16 05:10,697
2024-09-16 05:20,677
2024-09-16 05:30,656
2024-09-16 05:40,634
2024-09-16 05:50,612
2024-09-16 06:00,589
2024-09-16 06:10,566
2024-09-16 06:20,543
2024-09-16 06:30,520
2024-09-16 06:40,496
2024-09-16 06:50,473
2024-09-16 07:00,450
2024-09-16 07:10,427
2024-09-16 07:20,405
2024-09-16 07:30,383
2024-09-16 07:40,362
2024-09-16 07:50,342
2024-09-16 08:00,322
2024-09-16 08:10,303
2024-09-16 08:20,286
2024-09-16 08:30,269
2024-09-16 08:40,254
2024-09-16 08:50,241
2024-09-16 09:00,229
2024-09-16 09:10,219
2024-09-16 09:20,211
2024-09-16 09:30,205
2024-09-16 09:40,202
2024-09-16 09:50,201
2024-09-16 10:00,202
2024-09-16 10:10,206
2024-09-16 10:20,212
2024-09-16 10:30,220
2024-09-16 10:40,231
2024-09-16 10:50,244
2024-09-16 11:00,259
2024-09-16 11:10,276
2024-09-16 11:20,294
2024-09-16 11:30,314
2024-09-16 11:40,336
2024-09-16 11:50,358
2024-09-16 12:00,382
2024-09-16 12:10,406
2024-09-16 12:20,431
2024-09-16 12:30,456
2024-09-16 12:40,481
2024-09-16 12:50,506
2024-09-16 13:00,530
2024-09-16 13:10,554
2024-09-16 13:20,578
2024-09-16 13:30,601
2024-09-16 13:40,623
2024-09-16 13:50,644
2024-09-16 14:00,663
2024-09-16 14:10,682
2024-09-16 14:20,699
2024-09-16 14:30,714
2024-09-16 14:40,728
2024-09-16 14:50,739
2024-09-16 15:00,749
2024-09-16 15:10,757
2024-09-16 15:20,762
2024-09-16 15:30,765
2024-09-16 15:40,766
2024-09-16 15:50,764
2024-09-16 16:00,760
2024-09-16 16:10,753
2024-09-16 16:20,744
2024-09-16 16:30,732
2024-09-16 16:40,718
2024-09-16 16:50,702
2024-09-16 17:00,684
2024-09-16 17:10,664
2024-09-16 17:20,643
2024-09-16 17:30,619
2024-09-16 17:40,595
2024-09-16 17:50,570
2024-09-16 18:00,544
2024-09-16 18:10,517
2024-09-16 18:20,490
2024-09-16 18:30,463
2024-09-16 18:40,435
2024-09-16 18:50,408
2024-09-16 19:00,381
2024-09-16 19:10,355
2024-09-16 19:20,329
2024-09-16 19:30,303
2024-09-16 19:40,279
2024-09-16 19:50,255
2024-09-16 20:00,233
2024-09-16 20:10,211
2024-09-16 20:20,191
2024-09-16 20:30,172
2024-09-16 20:40,155
2024-09-16 20:50,139
2024-09-16 21:00,125
2024-09-16 21:10,114
2024-09-16 21:20,105
2024-09-16 21:30,98
2024-09-16 21:40,94
2024-09-16 21:50,92
2024-09-16 22:00,94
2024-09-16 22:10,98
2024-09-16 22:20,105
2024-09-16 22:30,115
2024-09-16 22:40,129
2024-09-16 22:50,145
2024-09-16 23:00,163
2024-09-16 23:10,185
2024-09-16 23:20,208
2024-09-16 23:30,234
2024-09-16 23:40,262
2024-09-16 23:50,291
2024-09-17 00:00,322
2024-09-17 00:10,353
2024-09-17 00:20,386
2024-09-17 00:30,419
2024-09-17 00:40,452
2024-09-17 00:50,485
2024-09-17 01:00,518
2024-09-17 01:10,550
2024-09-17 01:20,582
2024-09-17 01:30,613
2024-09-17 01:40,642
2024-09-17 01:50,671
2024-09-17 02:00,699
2024-09-17 02:10,725
2024-09-17 02:20,749
2024-09-17 02:30,772
2024-09-17 02:40,794
2024-09-17 02:50,813
2024-09-17 03:00,830
2024-09-17 03:10,845
2024-09-17 03:20,858
2024-09-17 03:30,869
2024-09-17 03:40,877
2024-09-17 03:50,882
2024-09-17 04:00,885
2024-09-17 04:10,885
2024-09-17 04:20,882
2024-09-17 04:30,877
2024-09-17 04:40,868
2024-09-17 04:50,857
2024-09-17 05:00,844
2024-09-17 05:10,828
2024-09-17 05:20,810
2024-09-17 05:30,790
2024-09-17 05:40,768
2024-09-17 05:50,745
2024-09-17 06:00,720
2024-09-17 06:10,694
2024-09-17 06:20,667
2024-09-17 06:30,640
2024-09-17 06:40,612
2024-09-17 06:50,583
2024-09-17 07:00,555
2024-09-17 07:10,526
2024-09-17 07:20,497
2024-09-17 07:30,469
2024-09-17 07:40,441
2024-09-17 07:50,413
2024-09-17 08:00,385
2024-09-17 08:10,358
2024-09-17 08:20,332
2024-09-17 08:30,306
2024-09-17 08:40,281
2024-09-17 08:50,257
2024-09-17 09:00,234
2024-09-17 09:10,213
2024-09-17 09:20,193
2024-09-17 09:30,175
2024-09-17 09:40,159
2024-09-17 09:50,146
2024-09-17 10:00,135
2024-09-17 10:10,127
2024-09-17 10:20,121
2024-09-17 10:30,119
2024-09-17 10:40,120
2024-09-17 10:50,124
2024-09-17 11:00,131
2024-09-17 11:10,141
2024-09-17 11:20,155
2024-09-17 11:30,171
2024-09-17 11:40,191
2024-09-17 11:50,212
2024-09-17 12:00,236
2024-09-17 12:10,262
2024-09-17 12:20,290
2024-09-17 12:30,319
2024-09-17 12:40,349
2024-09-17 12:50,380
2024-09-17 13:00,412
2024-09-17 13:10,444
2024-09-17 13:20,475
2024-09-17 13:30,507
2024-09-17 13:40,538
2024-09-17 13:50,569
2024-09-17 14:00,599
2024-09-17 14:10,628
2024-09-17 14:20,656
2024-09-17 14:30,682
2024-09-17 14:40,708
2024-09-17 14:50,732
2024-09-17 15:00,754
2024-09-17 15:10,774
2024-09-17 15:20,792
2024-09-17 15:30,808
2024-09-17 15:40,822
2024-09-17 15:50,833
2024-09-17 16:00,842
2024-09-17 16:10,847
2024-09-17 16:20,850
2024-09-17 16:30,849
2024-09-17 16:40,846
2024-09-17 16:50,839
2024-09-17 17:00,829
2024-09-17 17:10,816
2024-09-17 17:20,800
2024-09-17 17:30,782
2024-09-17 17:40,761
2024-09-17 17:50,737
2024-09-17 18:00,712
2024-09-17 18:10,685
2024-09-17 18:20,656
2024-09-17 18:30,626
2024-09-17 18:40,595
2024-09-17 18:50,564
2024-09-17 19:00,532
2024-09-17 19:10,500
2024-09-17 19:20,467
2024-09-17 19:30,435
2024-09-17 19:40,403
2024-09-17 19:50,372
2024-09-17 20:00,341
2024-09-17 20:10,310
2024-09-17 20:20,280
2024-09-17 20:30,251
2024-09-17 20:40,223
2024-09-17 20:50,196
2024-09-17 21:00,170
2024-09-17 21:10,145
2024-09-17 21:20,122
2024-09-17 21:30,101
2024-09-17 21:40,82
2024-09-17 21:50,65
2024-09-17 22:00,51
2024-09-17 22:10,39
2024-09-17 22:20,31
2024-09-17 22:30,26
2024-09-17 22:40,24
2024-09-17 22:50,26
2024-09-17 23:00,32
2024-09-17 23:10,41
2024-09-17 23:20,54
2024-09-17 23:30,71
2024-09-17 23:40,91
2024-09-17 23:50,115
2024-09-18 00:00,141
2024-09-18 00:10,170
2024-09-18 00:20,202
2024-09-18 00:30,236
2024-09-18 00:40,271
2024-09-18 00:50,308
2024-09-18 01:00,345
2024-09-18 01:10,383
2024-09-18 01:20,422
2024-09-18 01:30,460
2024-09-18 01:40,498
2024-09-18 01:50,536
2024-09-18 02:00,572
2024-09-18 02:10,608
2024-09-18 02:20,643
2024-09-18 02:30,676
2024-09-18 02:40,708
2024-09-18 02:50,739
2024-09-18 03:00,768
2024-09-18 03:10,795
2024-09-18 03:20,820
2024-09-18 03:30,843
2024-09-18 03:40,864
2024-09-18 03:50,883
2024-09-18 04:00,898
2024-09-18 04:10,911
2024-09-18 04:20,921
2024-09-18 04:30,929
2024-09-18 04:40,932
2024-09-18 04:50,933
2024-09-18 05:00,930
2024-09-18 05:10,924
2024-09-18 05:20,915
2024-09-18 05:30,902
2024-09-18 05:40,887
2024-09-18 05:50,869
2024-09-18 06:00,848
2024-09-18 06:10,824
2024-09-18 06:20,799
2024-09-18 06:30,772
2024-09-18 06:40,743
2024-09-18 06:50,713
2024-09-18 07:00,683
2024-09-18 07:10,651
2024-09-18 07:20,619
2024-09-18 07:30,587
2024-09-18 07:40,554
2024-09-18 07:50,522
2024-09-18 08:00,490
2024-09-18 08:10,458
2024-09-18 08:20,426
2024-09-18 08:30,394
2024-09-18 08:40,363
2024-09-18 08:50,332
2024-09-18 09:00,302
2024-09-18 09:10,273
2024-09-18 09:20,244
2024-09-18 09:30,216
2024-09-18 09:40,190
2024-09-18 09:50,164
2024-09-18 10:00,141
2024-09-18 10:10,120
2024-09-18 10:20,101
2024-09-18 10:30,85
2024-09-18 10:40,71
2024-09-18 10:50,61
2024-09-18 11:00,55
2024-09-18 11:10,52
2024-09-18 11:20,53
2024-09-18 11:30,58
2024-09-18 11:40,67
2024-09-18 11:50,80
2024-09-18 12:00,96
2024-09-18 12:10,116
2024-09-18 12:20,139
2024-09-18 12:30,165
2024-09-18 12:40,194
2024-09-18 12:50,225
2024-09-18 13:00,258
2024-09-18 13:10,292
2024-09-18 13:20,328
2024-09-18 13:30,364
2024-09-18 13:40,401
2024-09-18 13:50,438
2024-09-18 14:00,475
2024-09-18 14:10,512
2024-09-18 14:20,548
2024-09-18 14:30,583
2024-09-18 14:40,617
2024-09-18 14:50,650
2024-09-18 15:00,682
2024-09-18 15:10,713
2024-09-18 15:20,742
2024-09-18 15:30,770
2024-09-18 15:40,796
2024-09-18 15:50,819
2024-09-18 16:00,841
2024-09-18 16:10,860
2024-09-18 16:20,877
2024-09-18 16:30,890
2024-09-18 16:40,901
2024-09-18 16:50,908
2024-09-18 17:00,912
2024-09-18 17:10,912
2024-09-18 17:20,909
2024-09-18 17:30,902
2024-09-18 17:40,892
2024-09-18 17:50,878
2024-09-18 18:00,861
2024-09-18 18:10,841
2024-09-18 18:20,818
2024-09-18 18:30,792
2024-09-18 18:40,765
2024-09-18 18:50,735
2024-09-18 19:00,703
2024-09-18 19:10,671
2024-09-18 19:20,637
2024-09-18 19:30,603
2024-09-18 19:40,568
2024-09-18 19:50,533
2024-09-18 20:00,498
2024-09-18 20:10,463
2024-09-18 20:20,428
2024-09-18 20:30,393
2024-09-18 20:40,359
2024-09-18 20:50,325
2024-09-18 21:00,292
2024-09-18 21:10,260
2024-09-18 21:20,228
2024-09-18 21:30,197
2024-09-18 21:40,167
2024-09-18 21:50,138
2024-09-18 22:00,110
2024-09-18 22:10,85
2024-09-18 22:20,61
2024-09-18 22:30,40
2024-09-18 22:40,22
2024-09-18 22:50,7
2024-09-18 23:00,-5
2024-09-18 23:10,-13
2024-09-18 23:20,-17
2024-09-18 23:30,-17
2024-09-18 23:40,-12
2024-09-18 23:50,-4
2024-09-19 00:00,9
2024-09-19 00:10,26
2024-09-19 00:20,48
2024-09-19 00:30,73
2024-09-19 00:40,101
2024-09-19 00:50,133
2024-09-19 01:00,167
2024-09-19 01:10,203
2024-09-19 01:20,241
2024-09-19 01:30,281
2024-09-19 01:40,322
2024-09-19 01:50,363
2024-09-19 02:00,405
2024-09-19 02:10,446
2024-09-19 02:20,487
2024-09-19 02:30,527
2024-09-19 02:40,567
2024-09-19 02:50,605
2024-09-19 03:00,642
2024-09-19 03:10,678
2024-09-19 03:20,712
2024-09-19 03:30,745
2024-09-19 03:40,776
2024-09-19 03:50,806
2024-09-19 04:00,833
2024-09-19 04:10,858
2024-09-19 04:20,880
2024-09-19 04:30,900
2024-09-19 04:40,918
2024-09-19 04:50,932
2024-09-19 05:00,943
2024-09-19 05:10,950
2024-09-19 05:20,955
2024-09-19 05:30,955
2024-09-19 05:40,952
2024-09-19 05:50,945
2024-09-19 06:00,935
2024-09-19 06:10,921
2024-09-19 06:20,904
2024-09-19 06:30,883
2024-09-19 06:40,860
2024-09-19 06:50,835
2024-09-19 07:00,807
2024-09-19 07:10,777
2024-09-19 07:20,746
2024-09-19 07:30,714
2024-09-19 07:40,681
2024-09-19 07:50,647
2024-09-19 08:00,612
2024-09-19 08:10,578
2024-09-19 08:20,544
2024-09-19 08:30,509
2024-09-19 08:40,475
2024-09-19 08:50,441
2024-09-19 09:00,407
2024-09-19 09:10,374
2024-09-19 09:20,341
2024-09-19 09:30,308
2024-09-19 09:40,275
2024-09-19 09:50,244
2024-09-19 10:00,213
2024-09-19 10:10,183
2024-09-19 10:20,154
2024-09-19 10:30,127
2024-09-19 10:40,101
2024-09-19 10:50,78
2024-09-19 11:00,58
2024-09-19 11:10,40
2024-09-19 11:20,26
2024-09-19 11:30,16
2024-09-19 11:40,9
2024-09-19 11:50,7
2024-09-19 12:00,8
2024-09-19 12:10,15
2024-09-19 12:20,25
2024-09-19 12:30,40
2024-09-19 12:40,59
2024-09-19 12:50,82
2024-09-19 13:00,109
2024-09-19 13:10,138
2024-09-19 13:20,171
2024-09-19 13:30,205
2024-09-19 13:40,242
2024-09-19 13:50,280
2024-09-19 14:00,319
2024-09-19 14:10,359
2024-09-19 14:20,399
2024-09-19 14:30,439
2024-09-19 14:40,479
2024-09-19 14:50,518
2024-09-19 15:00,556
2024-09-19 15:10,594
2024-09-19 15:20,631
2024-09-19 15:30,666
2024-09-19 15:40,700
2024-09-19 15:50,733
2024-09-19 16:00,764
2024-09-19 16:10,794
2024-09-19 16:20,821
2024-09-19 16:30,847
2024-09-19 16:40,870
2024-09-19 16:50,890
2024-09-19 17:00,908
2024-09-19 17:10,923
2024-09-19 17:20,935
2024-09-19 17:30,943
2024-09-19 17:40,947
2024-09-19 17:50,948
2024-09-19 18:00,945
2024-09-19 18:10,939
2024-09-19 18:20,928
2024-09-19 18:30,914
2024-09-19 18:40,897
2024-09-19 18:50,876
2024-09-19 19:00,852
2024-09-19 19:10,826
2024-09-19 19:20,797
2024-09-19 19:30,766
2024-09-19 19:40,734
2024-09-19 19:50,701
2024-09-19 20:00,666
2024-09-19 20:10,631
2024-09-19 20:20,596
2024-09-19 20:30,560
2024-09-19 20:40,524
2024-09-19 20:50,488
2024-09-19 21:00,452
2024-09-19 21:10,417
2024-09-19 21:20,382
2024-09-19 21:30,347
2024-09-19 21:40,312
2024-09-19 21:50,278
2024-09-19 22:00,244
2024-09-19 22:10,211
2024-09-19 22:20,179
2024-09-19 22:30,148
2024-09-19 22:40,118
2024-09-19 22:50,90
2024-09-19 23:00,64
2024-09-19 23:10,41
2024-09-19 23:20,20
2024-09-19 23:30,3
2024-09-19 23:40,-11
2024-09-19 23:50,-21
2024-09-20 00:00,-25
2024-09-20 00:10,-26
2024-09-20 00:20,-23
2024-09-20 00:30,-14
2024-09-20 00:40,-1
2024-09-20 00:50,16
2024-09-20 01:00,38
2024-09-20 01:10,63
2024-09-20 01:20,93
2024-09-20 01:30,125
2024-09-20 01:40,160
2024-09-20 01:50,197
2024-09-20 02:00,237
2024-09-20 02:10,277
2024-09-20 02:20,319
2024-09-20 02:30,361
2024-09-20 02:40,403
2024-09-20 02:50,444
2024-09-20 03:00,486
2024-09-20 03:10,526
2024-09-20 03:20,566
2024-09-20 03:30,604
2024-09-20 03:40,641
2024-09-20 03:50,677
2024-09-20 04:00,712
2024-09-20 04:10,744
2024-09-20 04:20,775
2024-09-20 04:30,804
2024-09-20 04:40,832
2024-09-20 04:50,856
2024-09-20 05:00,879
2024-09-20 05:10,898
2024-09-20 05:20,915
2024-09-20 05:30,929
2024-09-20 05:40,940
2024-09-20 05:50,947
2024-09-20 06:00,950
2024-09-20 06:10,950
2024-09-20 06:20,945
2024-09-20 06:30,937
2024-09-20 06:40,926
2024-09-20 06:50,911
2024-09-20 07:00,892
2024-09-20 07:10,871
2024-09-20 07:20,846
2024-09-20 07:30,819
2024-09-20 07:40,790
2024-09-20 07:50,760
2024-09-20 08:00,727
2024-09-20 08:10,694
2024-09-20 08:20,660
2024-09-20 08:30,626
2024-09-20 08:40,591
2024-09-20 08:50,556
2024-09-20 09:00,521
2024-09-20 09:10,486
2024-09-20 09:20,452
2024-09-20 09:30,417
2024-09-20 09:40,383
2024-09-20 09:50,350
2024-09-20 10:00,316
2024-09-20 10:10,283
2024-09-20 10:20,250
2024-09-20 10:30,218
2024-09-20 10:40,187
2024-09-20 10:50,157
2024-09-20 11:00,128
2024-09-20 11:10,100
2024-09-20 11:20,75
2024-09-20 11:30,52
2024-09-20 11:40,32
2024-09-20 11:50,15
2024-09-20 12:00,2
2024-09-20 12:10,-8
2024-09-20 12:20,-13
2024-09-20 12:30,-14
2024-09-20 12:40,-10
2024-09-20 12:50,-2
2024-09-20 13:00,11
2024-09-20 13:10,28
2024-09-20 13:20,49
2024-09-20 13:30,74
2024-09-20 13:40,103
2024-09-20 13:50,134
2024-09-20 14:00,169
2024-09-20 14:10,205
2024-09-20 14:20,244
2024-09-20 14:30,283
2024-09-20 14:40,324
2024-09-20 14:50,365
2024-09-20 15:00,406
2024-09-20 15:10,447
2024-09-20 15:20,487
2024-09-20 15:30,527
2024-09-20 15:40,565
2024-09-20 15:50,603
2024-09-20 16:00,640
2024-09-20 16:10,675
2024-09-20 16:20,710
2024-09-20 16:30,742
2024-09-20 16:40,773
2024-09-20 16:50,803
2024-09-20 17:00,830
2024-09-20 17:10,855
2024-09-20 17:20,878
2024-09-20 17:30,899
2024-09-20 17:40,917
2024-09-20 17:50,931
2024-09-20 18:00,943
2024-09-20 18:10,951
2024-09-20 18:20,956
2024-09-20 18:30,956
2024-09-20 18:40,953
2024-09-20 18:50,947
2024-09-20 19:00,936
2024-09-20 19:10,923
2024-09-20 19:20,905
2024-09-20 19:30,885
2024-09-20 19:40,862
2024-09-20 19:50,836
2024-09-20 20:00,808
2024-09-20 20:10,778
2024-09-20 20:20,747
2024-09-20 20:30,714
2024-09-20 20:40,681
2024-09-20 20:50,647
2024-09-20 21:00,612
2024-09-20 21:10,578
2024-09-20 21:20,543
2024-09-20 21:30,508
2024-09-20 21:40,473
2024-09-20 21:50,439
2024-09-20 22:00,404
2024-09-20 22:10,370
2024-09-20 22:20,335
2024-09-20 22:30,301
2024-09-20 22:40,268
2024-09-20 22:50,235
2024-09-20 23:00,203
2024-09-20 23:10,171
2024-09-20 23:20,142
2024-09-20 23:30,113
2024-09-20 23:40,87
2024-09-20 23:50,64
2024-09-21 00:00,43
2024-09-21 00:10,26
2024-09-21 00:20,12
2024-09-21 00:30,2
2024-09-21 00:40,-3
2024-09-21 00:50,-4
2024-09-21 01:00,-1
2024-09-21 01:10,8
2024-09-21 01:20,20
2024-09-21 01:30,37
2024-09-21 01:40,59
2024-09-21 01:50,84
2024-09-21 02:00,112
2024-09-21 02:10,144
2024-09-21 02:20,178
2024-09-21 02:30,214
2024-09-21 02:40,252
2024-09-21 02:50,291
2024-09-21 03:00,331
2024-09-21 03:10,372
2024-09-21 03:20,412
2024-09-21 03:30,452
2024-09-21 03:40,491
2024-09-21 03:50,529
2024-09-21 04:00,567
2024-09-21 04:10,603
2024-09-21 04:20,638
2024-09-21 04:30,672
2024-09-21 04:40,704
2024-09-21 04:50,735
2024-09-21 05:00,764
2024-09-21 05:10,791
2024-09-21 05:20,816
2024-09-21 05:30,839
2024-09-21 05:40,860
2024-09-21 05:50,878
2024-09-21 06:00,893
2024-09-21 06:10,905
2024-09-21 06:20,914
2024-09-21 06:30,920
2024-09-21 06:40,922
2024-09-21 06:50,920
2024-09-21 07:00,915
2024-09-21 07:10,906
2024-09-21 07:20,893
2024-09-21 07:30,878
2024-09-21 07:40,859
2024-09-21 07:50,837
2024-09-21 08:00,812
2024-09-21 08:10,785
2024-09-21 08:20,757
2024-09-21 08:30,726
2024-09-21 08:40,694
2024-09-21 08:50,662
2024-09-21 09:00,629
2024-09-21 09:10,595
2024-09-21 09:20,561
2024-09-21 09:30,527
2024-09-21 09:40,493
2024-09-21 09:50,459
2024-09-21 10:00,426
2024-09-21 10:10,393
2024-09-21 10:20,360
2024-09-21 10:30,327
2024-09-21 10:40,295
2024-09-21 10:50,263
2024-09-21 11:00,231
2024-09-21 11:10,201
2024-09-21 11:20,171
2024-09-21 11:30,142
2024-09-21 11:40,115
2024-09-21 11:50,90
2024-09-21 12:00,66
2024-09-21 12:10,45
2024-09-21 12:20,27
2024-09-21 12:30,13
2024-09-21 12:40,1
2024-09-21 12:50,-6
2024-09-21 13:00,-9
2024-09-21 13:10,-8
2024-09-21 13:20,-2
2024-09-21 13:30,8
2024-09-21 13:40,22
2024-09-21 13:50,41
2024-09-21 14:00,63
2024-09-21 14:10,89
2024-09-21 14:20,118
2024-09-21 14:30,150
2024-09-21 14:40,185
2024-09-21 14:50,221
2024-09-21 15:00,259
2024-09-21 15:10,298
2024-09-21 15:20,338
2024-09-21 15:30,377
2024-09-21 15:40,417
2024-09-21 15:50,457
2024-09-21 16:00,495
2024-09-21 16:10,534
2024-09-21 16:20,571
2024-09-21 16:30,607
2024-09-21 16:40,642
2024-09-21 16:50,676
2024-09-21 17:00,708
2024-09-21 17:10,739
2024-09-21 17:20,768
2024-09-21 17:30,796
2024-09-21 17:40,822
2024-09-21 17:50,846
2024-09-21 18:00,867
2024-09-21 18:10,886
2024-09-21 18:20,903
2024-09-21 18:30,916
2024-09-21 18:40,927
2024-09-21 18:50,934
2024-09-21 19:00,938
2024-09-21 19:10,939
2024-09-21 19:20,936
2024-09-21 19:30,930
2024-09-21 19:40,920
2024-09-21 19:50,907
2024-09-21 20:00,891
2024-09-21 20:10,872
2024-09-21 20:20,850
2024-09-21 20:30,826
2024-09-21 20:40,800
2024-09-21 20:50,773
2024-09-21 21:00,744
2024-09-21 21:10,714
2024-09-21 21:20,683
2024-09-21 21:30,651
2024-09-21 21:40,619
2024-09-21 21:50,587
2024-09-21 22:00,555
2024-09-21 22:10,522
2024-09-21 22:20,490
2024-09-21 22:30,458
2024-09-21 22:40,425
2024-09-21 22:50,393
2024-09-21 23:00,361
2024-09-21 23:10,329
2024-09-21 23:20,297
2024-09-21 23:30,266
2024-09-21 23:40,236
2024-09-21 23:50,207
2024-09-22 00:00,179
2024-09-22 00:10,153
2024-09-22 00:20,129
2024-09-22 00:30,107
2024-09-22 00:40,88
2024-09-22 00:50,72
2024-09-22 01:00,60
2024-09-22 01:10,51
2024-09-22 01:20,47
2024-09-22 01:30,46
2024-09-22 01:40,50
2024-09-22 01:50,58
2024-09-22 02:00,70
2024-09-22 02:10,86
2024-09-22 02:20,106
2024-09-22 02:30,130
2024-09-22 02:40,156
2024-09-22 02:50,185
2024-09-22 03:00,216
2024-09-22 03:10,250
2024-09-22 03:20,284
2024-09-22 03:30,320
2024-09-22 03:40,356
2024-09-22 03:50,392
2024-09-22 04:00,428
2024-09-22 04:10,464
2024-09-22 04:20,500
2024-09-22 04:30,534
2024-09-22 04:40,568
2024-09-22 04:50,600
2024-09-22 05:00,631
2024-09-22 05:10,661
2024-09-22 05:20,690
2024-09-22 05:30,717
2024-09-22 05:40,742
2024-09-22 05:50,766
2024-09-22 06:00,788
2024-09-22 06:10,808
2024-09-22 06:20,825
2024-09-22 06:30,840
2024-09-22 06:40,853
2024-09-22 06:50,862
2024-09-22 07:00,869
2024-09-22 07:10,872
2024-09-22 07:20,873
2024-09-22 07:30,870
2024-09-22 07:40,863
2024-09-22 07:50,854
2024-09-22 08:00,841
2024-09-22 08:10,825
2024-09-22 08:20,807
2024-09-22 08:30,786
2024-09-22 08:40,762
2024-09-22 08:50,737
2024-09-22 09:00,709
2024-09-22 09:10,681
2024-09-22 09:20,651
2024-09-22 09:30,620
2024-09-22 09:40,589
2024-09-22 09:50,558
2024-09-22 10:00,526
2024-09-22 10:10,494
2024-09-22 10:20,463
2024-09-22 10:30,432
2024-09-22 10:40,400
2024-09-22 10:50,370
2024-09-22 11:00,339
2024-09-22 11:10,309
2024-09-22 11:20,279
2024-09-22 11:30,250
2024-09-22 11:40,222
2024-09-22 11:50,194
2024-09-22 12:00,168
2024-09-22 12:10,142
2024-09-22 12:20,119
2024-09-22 12:30,97
2024-09-22 12:40,77
2024-09-22 12:50,60
2024-09-22 13:00,45
2024-09-22 13:10,34
2024-09-22 13:20,26
2024-09-22 13:30,21
2024-09-22 13:40,21
2024-09-22 13:50,24
2024-09-22 14:00,32
2024-09-22 14:10,43
2024-09-22 14:20,58
2024-09-22 14:30,77
2024-09-22 14:40,99
2024-09-22 14:50,124
2024-09-22 15:00,152
2024-09-22 15:10,183
2024-09-22 15:20,215
2024-09-22 15:30,249
2024-09-22 15:40,284
2024-09-22 15:50,320
2024-09-22 16:00,357
2024-09-22 16:10,394
2024-09-22 16:20,430
2024-09-22 16:30,466
2024-09-22 16:40,502
2024-09-22 16:50,536
2024-09-22 17:00,570
2024-09-22 17:10,603
2024-09-22 17:20,635
2024-09-22 17:30,665
2024-09-22 17:40,694
2024-09-22 17:50,722
2024-09-22 18:00,749
2024-09-22 18:10,773
2024-09-22 18:20,797
2024-09-22 18:30,818
2024-09-22 18:40,837
2024-09-22 18:50,854
2024-09-22 19:00,868
2024-09-22 19:10,880
2024-09-22 19:20,889
2024-09-22 19:30,895
2024-09-22 19:40,899
2024-09-22 19:50,899
2024-09-22 20:00,896
2024-09-22 20:10,891
2024-09-22 20:20,882
2024-09-22 20:30,870
2024-09-22 20:40,856
2024-09-22 20:50,839
2024-09-22 21:00,820
2024-09-22 21:10,800
2024-09-22 21:20,777
2024-09-22 21:30,753
2024-09-22 21:40,727
2024-09-22 21:50,701
2024-09-22 22:00,674
2024-09-22 22:10,646
2024-09-22 22:20,618
2024-09-22 22:30,590
2024-09-22 22:40,561
2024-09-22 22:50,532
2024-09-22 23:00,504
2024-09-22 23:10,475
2024-09-22 23:20,446
2024-09-22 23:30,417
2024-09-22 23:40,389
2024-09-22 23:50,361
2024-09-23 00:00,333
2024-09-23 00:10,305
2024-09-23 00:20,279
2024-09-23 00:30,254
2024-09-23 00:40,229
2024-09-23 00:50,207
2024-09-23 01:00,186
2024-09-23 01:10,168
2024-09-23 01:20,152
2024-09-23 01:30,139
2024-09-23 01:40,129
2024-09-23 01:50,122
2024-09-23 02:00,118
2024-09-23 02:10,119
2024-09-23 02:20,122
2024-09-23 02:30,130
2024-09-23 02:40,141
2024-09-23 02:50,155
2024-09-23 03:00,172
2024-09-23 03:10,192
2024-09-23 03:20,215
2024-09-23 03:30,240
2024-09-23 03:40,266
2024-09-23 03:50,295
2024-09-23 04:00,324
2024-09-23 04:10,354
2024-09-23 04:20,384
2024-09-23 04:30,415
2024-09-23 04:40,446
2024-09-23 04:50,476
2024-09-23 05:00,506
2024-09-23 05:10,535
2024-09-23 05:20,563
2024-09-23 05:30,590
2024-09-23 05:40,616
2024-09-23 05:50,641
2024-09-23 06:00,665
2024-09-23 06:10,687
2024-09-23 06:20,708
2024-09-23 06:30,728
2024-09-23 06:40,745
2024-09-23 06:50,761
2024-09-23 07:00,775
2024-09-23 07:10,787
2024-09-23 07:20,796
2024-09-23 07:30,803
2024-09-23 07:40,807
2024-09-23 07:50,809
2024-09-23 08:00,808
2024-09-23 08:10,804
2024-09-23 08:20,797
2024-09-23 08:30,787
2024-09-23 08:40,775
2024-09-23 08:50,761
2024-09-23 09:00,744
2024-09-23 09:10,725
2024-09-23 09:20,703
2024-09-23 09:30,681
2024-09-23 09:40,656
2024-09-23 09:50,631
2024-09-23 10:00,605
2024-09-23 10:10,578
2024-09-23 10:20,550
2024-09-23 10:30,522
2024-09-23 10:40,494
2024-09-23 10:50,466
2024-09-23 11:00,439
2024-09-23 11:10,411
2024-09-23 11:20,383
2024-09-23 11:30,356
2024-09-23 11:40,330
2024-09-23 11:50,303
2024-09-23 12:00,278
2024-09-23 12:10,253
2024-09-23 12:20,229
2024-09-23 12:30,205
2024-09-23 12:40,183
2024-09-23 12:50,163
2024-09-23 13:00,143
2024-09-23 13:10,126
2024-09-23 13:20,110
2024-09-23 13:30,97
2024-09-23 13:40,87
2024-09-23 13:50,79
2024-09-23 14:00,74
2024-09-23 14:10,72
2024-09-23 14:20,74
2024-09-23 14:30,79
2024-09-23 14:40,87
2024-09-23 14:50,98
2024-09-23 15:00,112
2024-09-23 15:10,130
2024-09-23 15:20,150
2024-09-23 15:30,172
2024-09-23 15:40,197
2024-09-23 15:50,224
2024-09-23 16:00,252
2024-09-23 16:10,282
2024-09-23 16:20,312
2024-09-23 16:30,343
2024-09-23 16:40,375
2024-09-23 16:50,406
2024-09-23 17:00,438
2024-09-23 17:10,469
2024-09-23 17:20,499
2024-09-23 17:30,529
2024-09-23 17:40,558
2024-09-23 17:50,587
2024-09-23 18:00,614
2024-09-23 18:10,641
2024-09-23 18:20,666
2024-09-23 18:30,690
2024-09-23 18:40,712
2024-09-23 18:50,734
2024-09-23 19:00,753
2024-09-23 19:10,771
2024-09-23 19:20,788
2024-09-23 19:30,802
2024-09-23 19:40,814
2024-09-23 19:50,824
2024-09-23 20:00,832
2024-09-23 20:10,838
2024-09-23 20:20,841
2024-09-23 20:30,841
2024-09-23 20:40,839
2024-09-23 20:50,835
2024-09-23 21:00,828
2024-09-23 21:10,819
2024-09-23 21:20,808
2024-09-23 21:30,794
2024-09-23 21:40,779
2024-09-23 21:50,762
2024-09-23 22:00,744
2024-09-23 22:10,725
2024-09-23 22:20,704
2024-09-23 22:30,683
2024-09-23 22:40,661
2024-09-23 22:50,638
2024-09-23 23:00,615
2024-09-23 23:10,591
2024-09-23 23:20,567
2024-09-23 23:30,543
2024-09-23 23:40,519
2024-09-23 23:50,495
2024-09-24 00:00,471
2024-09-24 00:10,447
2024-09-24 00:20,423
2024-09-24 00:30,400
2024-09-24 00:40,377
2024-09-24 00:50,354
2024-09-24 01:00,333
2024-09-24 01:10,312
2024-09-24 01:20,293
2024-09-24 01:30,275
2024-09-24 01:40,258
2024-09-24 01:50,243
2024-09-24 02:00,231
2024-09-24 02:10,221
2024-09-24 02:20,213
2024-09-24 02:30,207
2024-09-24 02:40,205
2024-09-24 02:50,205
2024-09-24 03:00,208
2024-09-24 03:10,213
2024-09-24 03:20,222
2024-09-24 03:30,232
2024-09-24 03:40,246
2024-09-24 03:50,261
2024-09-24 04:00,278
2024-09-24 04:10,297
2024-09-24 04:20,317
2024-09-24 04:30,339
2024-09-24 04:40,361
2024-09-24 04:50,384
2024-09-24 05:00,408
2024-09-24 05:10,431
2024-09-24 05:20,455
2024-09-24 05:30,478
2024-09-24 05:40,501
2024-09-24 05:50,524
2024-09-24 06:00,546
2024-09-24 06:10,567
2024-09-24 06:20,588
2024-09-24 06:30,607
2024-09-24 06:40,626
2024-09-24 06:50,643
2024-09-24 07:00,659
2024-09-24 07:10,674
2024-09-24 07:20,688
2024-09-24 07:30,700
2024-09-24 07:40,710
2024-09-24 07:50,719
2024-09-24 08:00,725
2024-09-24 08:10,730
2024-09-24 08:20,733
2024-09-24 08:30,733
2024-09-24 08:40,732
2024-09-24 08:50,728
2024-09-24 09:00,722
2024-09-24 09:10,714
2024-09-24 09:20,704
2024-09-24 09:30,692
2024-09-24 09:40,678
2024-09-24 09:50,662
2024-09-24 10:00,645
2024-09-24 10:10,627
2024-09-24 10:20,607
2024-09-24 10:30,587
2024-09-24 10:40,565
2024-09-24 10:50,543
2024-09-24 11:00,521
2024-09-24 11:10,498
2024-09-24 11:20,475
2024-09-24 11:30,452
2024-09-24 11:40,429
2024-09-24 11:50,406
2024-09-24 12:00,384
2024-09-24 12:10,362
2024-09-24 12:20,340
2024-09-24 12:30,318
2024-09-24 12:40,297
2024-09-24 12:50,277
2024-09-24 13:00,258
2024-09-24 13:10,240
2024-09-24 13:20,222
2024-09-24 13:30,206
2024-09-24 13:40,192
2024-09-24 13:50,179
2024-09-24 14:00,168
2024-09-24 14:10,158
2024-09-24 14:20,151
2024-09-24 14:30,146
2024-09-24 14:40,143
2024-09-24 14:50,142
2024-09-24 15:00,144
2024-09-24 15:10,149
2024-09-24 15:20,156
2024-09-24 15:30,165
2024-09-24 15:40,177
2024-09-24 15:50,191
2024-09-24 16:00,206
2024-09-24 16:10,224
2024-09-24 16:20,244
2024-09-24 16:30,264
2024-09-24 16:40,286
2024-09-24 16:50,309
2024-09-24 17:00,333
2024-09-24 17:10,358
2024-09-24 17:20,383
2024-09-24 17:30,408
2024-09-24 17:40,433
2024-09-24 17:50,458
2024-09-24 18:00,482
2024-09-24 18:10,507
2024-09-24 18:20,530
2024-09-24 18:30,554
2024-09-24 18:40,576
2024-09-24 18:50,598
2024-09-24 19:00,619
2024-09-24 19:10,638
2024-09-24 19:20,657
2024-09-24 19:30,675
2024-09-24 19:40,692
2024-09-24 19:50,707
2024-09-24 20:00,720
2024-09-24 20:10,733
2024-09-24 20:20,743
2024-09-24 20:30,752
2024-09-24 20:40,760
2024-09-24 20:50,765
2024-09-24 21:00,769
2024-09-24 21:10,770
2024-09-24 21:20,770
2024-09-24 21:30,768
2024-09-24 21:40,765
2024-09-24 21:50,759
2024-09-24 22:00,752
2024-09-24 22:10,743
2024-09-24 22:20,733
2024-09-24 22:30,722
2024-09-24 22:40,709
2024-09-24 22:50,696
2024-09-24 23:00,681
2024-09-24 23:10,666
2024-09-24 23:20,649
2024-09-24 23:30,633
2024-09-24 23:40,615
2024-09-24 23:50,598
2024-09-25 00:00,579
2024-09-25 00:10,561
2024-09-25 00:20,543
2024-09-25 00:30,524
2024-09-25 00:40,506
2024-09-25 00:50,487
2024-09-25 01:00,469
2024-09-25 01:10,451
2024-09-25 01:20,433
2024-09-25 01:30,416
2024-09-25 01:40,399
2024-09-25 01:50,383
2024-09-25 02:00,368
2024-09-25 02:10,354
2024-09-25 02:20,341
2024-09-25 02:30,330
2024-09-25 02:40,320
2024-09-25 02:50,311
2024-09-25 03:00,305
2024-09-25 03:10,300
2024-09-25 03:20,297
2024-09-25 03:30,295
2024-09-25 03:40,296
2024-09-25 03:50,298
2024-09-25 04:00,302
2024-09-25 04:10,308
2024-09-25 04:20,315
2024-09-25 04:30,324
2024-09-25 04:40,335
2024-09-25 04:50,346
2024-09-25 05:00,359
2024-09-25 05:10,372
2024-09-25 05:20,387
2024-09-25 05:30,402
2024-09-25 05:40,417
2024-09-25 05:50,433
2024-09-25 06:00,449
2024-09-25 06:10,465
2024-09-25 06:20,481
2024-09-25 06:30,497
2024-09-25 06:40,512
2024-09-25 06:50,527
2024-09-25 07:00,542
2024-09-25 07:10,556
2024-09-25 07:20,570
2024-09-25 07:30,583
2024-09-25 07:40,595
2024-09-25 07:50,606
2024-09-25 08:00,616
2024-09-25 08:10,625
2024-09-25 08:20,633
2024-09-25 08:30,639
2024-09-25 08:40,644
2024-09-25 08:50,648
2024-09-25 09:00,651
2024-09-25 09:10,652
2024-09-25 09:20,651
2024-09-25 09:30,649
2024-09-25 09:40,646
2024-09-25 09:50,641
2024-09-25 10:00,635
2024-09-25 10:10,627
2024-09-25 10:20,618
2024-09-25 10:30,608
2024-09-25 10:40,596
2024-09-25 10:50,584
2024-09-25 11:00,570
2024-09-25 11:10,556
2024-09-25 11:20,541
2024-09-25 11:30,526
2024-09-25 11:40,510
2024-09-25 11:50,493
2024-09-25 12:00,476
2024-09-25 12:10,459
2024-09-25 12:20,442
2024-09-25 12:30,425
2024-09-25 12:40,408
2024-09-25 12:50,392
2024-09-25 13:00,375
2024-09-25 13:10,359
2024-09-25 13:20,343
2024-09-25 13:30,328
2024-09-25 13:40,313
2024-09-25 13:50,300
2024-09-25 14:00,287
2024-09-25 14:10,275
2024-09-25 14:20,264
2024-09-25 14:30,254
2024-09-25 14:40,245
2024-09-25 14:50,238
2024-09-25 15:00,232
2024-09-25 15:10,228
2024-09-25 15:20,225
2024-09-25 15:30,224
2024-09-25 15:40,224
2024-09-25 15:50,226
2024-09-25 16:00,230
2024-09-25 16:10,235
2024-09-25 16:20,241
2024-09-25 16:30,250
2024-09-25 16:40,259
2024-09-25 16:50,270
2024-09-25 17:00,283
2024-09-25 17:10,296
2024-09-25 17:20,310
2024-09-25 17:30,325
2024-09-25 17:40,341
2024-09-25 17:50,358
2024-09-25 18:00,375
2024-09-25 18:10,393
2024-09-25 18:20,411
2024-09-25 18:30,429
2024-09-25 18:40,447
2024-09-25 18:50,465
2024-09-25 19:00,483
2024-09-25 19:10,501
2024-09-25 19:20,518
2024-09-25 19:30,536
2024-09-25 19:40,552
2024-09-25 19:50,568
2024-09-25 20:00,584
2024-09-25 20:10,599
2024-09-25 20:20,613
2024-09-25 20:30,626
2024-09-25 20:40,638
2024-09-25 20:50,650
2024-09-25 21:00,660
2024-09-25 21:10,669
2024-09-25 21:20,677
2024-09-25 21:30,684
2024-09-25 21:40,690
2024-09-25 21:50,694
2024-09-25 22:00,697
2024-09-25 22:10,699
2024-09-25 22:20,700
2024-09-25 22:30,699
2024-09-25 22:40,697
2024-09-25 22:50,695
2024-09-25 23:00,691
2024-09-25 23:10,686
2024-09-25 23:20,680
2024-09-25 23:30,673
2024-09-25 23:40,665
2024-09-25 23:50,656
2024-09-26 00:00,647
2024-09-26 00:10,637
2024-09-26 00:20,626
2024-09-26 00:30,615
2024-09-26 00:40,603
2024-09-26 00:50,591
2024-09-26 01:00,578
2024-09-26 01:10,566
2024-09-26 01:20,553
2024-09-26 01:30,540
2024-09-26 01:40,527
2024-09-26 01:50,513
2024-09-26 02:00,500
2024-09-26 02:10,488
2024-09-26 02:20,475
2024-09-26 02:30,463
2024-09-26 02:40,451
2024-09-26 02:50,440
2024-09-26 03:00,430
2024-09-26 03:10,420
2024-09-26 03:20,411
2024-09-26 03:30,403
2024-09-26 03:40,395
2024-09-26 03:50,389
2024-09-26 04:00,383
2024-09-26 04:10,379
2024-09-26 04:20,375
2024-09-26 04:30,373
2024-09-26 04:40,371
2024-09-26 04:50,371
2024-09-26 05:00,372
2024-09-26 05:10,373
2024-09-26 05:20,376
2024-09-26 05:30,379
2024-09-26 05:40,383
2024-09-26 05:50,389
2024-09-26 06:00,394
2024-09-26 06:10,401
2024-09-26 06:20,408
2024-09-26 06:30,416
2024-09-26 06:40,424
2024-09-26 06:50,433
2024-09-26 07:00,442
2024-09-26 07:10,451
2024-09-26 07:20,461
2024-09-26 07:30,470
2024-09-26 07:40,480
2024-09-26 07:50,489
2024-09-26 08:00,499
2024-09-26 08:10,508
2024-09-26 08:20,517
2024-09-26 08:30,525
2024-09-26 08:40,533
2024-09-26 08:50,541
2024-09-26 09:00,548
2024-09-26 09:10,554
2024-09-26 09:20,560
2024-09-26 09:30,565
2024-09-26 09:40,569
2024-09-26 09:50,572
2024-09-26 10:00,575
2024-09-26 10:10,577
2024-09-26 10:20,577
2024-09-26 10:30,577
2024-09-26 10:40,576
2024-09-26 10:50,574
2024-09-26 11:00,572
2024-09-26 11:10,568
2024-09-26 11:20,564
2024-09-26 11:30,558
2024-09-26 11:40,552
2024-09-26 11:50,546
2024-09-26 12:00,538
2024-09-26 12:10,530
2024-09-26 12:20,521
2024-09-26 12:30,512
2024-09-26 12:40,502
2024-09-26 12:50,492
2024-09-26 13:00,481
2024-09-26 13:10,470
2024-09-26 13:20,459
2024-09-26 13:30,448
2024-09-26 13:40,437
2024-09-26 13:50,425
2024-09-26 14:00,414
2024-09-26 14:10,403
2024-09-26 14:20,392
2024-09-26 14:30,381
2024-09-26 14:40,371
2024-09-26 14:50,361
2024-09-26 15:00,352
2024-09-26 15:10,343
2024-09-26 15:20,335
2024-09-26 15:30,328
2024-09-26 15:40,321
2024-09-26 15:50,315
2024-09-26 16:00,310
2024-09-26 16:10,306
2024-09-26 16:20,302
2024-09-26 16:30,299
2024-09-26 16:40,298
2024-09-26 16:50,297
2024-09-26 17:00,297
2024-09-26 17:10,298
2024-09-26 17:20,300
2024-09-26 17:30,303
2024-09-26 17:40,307
2024-09-26 17:50,312
2024-09-26 18:00,318
2024-09-26 18:10,325
2024-09-26 18:20,332
2024-09-26 18:30,341
2024-09-26 18:40,350
2024-09-26 18:50,360
2024-09-26 19:00,370
2024-09-26 19:10,382
2024-09-26 19:20,393
2024-09-26 19:30,406
2024-09-26 19:40,418
2024-09-26 19:50,431
2024-09-26 20:00,444
2024-09-26 20:10,457
2024-09-26 20:20,471
2024-09-26 20:30,484
2024-09-26 20:40,497
2024-09-26 20:50,511
2024-09-26 21:00,524
2024-09-26 21:10,536
2024-09-26 21:20,548
2024-09-26 21:30,560
2024-09-26 21:40,572
2024-09-26 21:50,583
2024-09-26 22:00,593
2024-09-26 22:10,603
2024-09-26 22:20,612
2024-09-26 22:30,620
2024-09-26 22:40,628
2024-09-26 22:50,635
2024-09-26 23:00,641
2024-09-26 23:10,647
2024-09-26 23:20,651
2024-09-26 23:30,655
2024-09-26 23:40,658
2024-09-26 23:50,660
2024-09-27 00:00,661
2024-09-27 00:10,661
2024-09-27 00:20,661
2024-09-27 00:30,659
2024-09-27 00:40,657
2024-09-27 00:50,654
2024-09-27 01:00,650
2024-09-27 01:10,645
2024-09-27 01:20,639
2024-09-27 01:30,633
2024-09-27 01:40,626
2024-09-27 01:50,619
2024-09-27 02:00,611
2024-09-27 02:10,603
2024-09-27 02:20,594
2024-09-27 02:30,585
2024-09-27 02:40,575
2024-09-27 02:50,565
2024-09-27 03:00,555
2024-09-27 03:10,545
2024-09-27 03:20,535
2024-09-27 03:30,525
2024-09-27 03:40,514
2024-09-27 03:50,504
2024-09-27 04:00,494
2024-09-27 04:10,484
2024-09-27 04:20,474
2024-09-27 04:30,464
2024-09-27 04:40,455
2024-09-27 04:50,446
2024-09-27 05:00,437
2024-09-27 05:10,429
2024-09-27 05:20,421
2024-09-27 05:30,414
2024-09-27 05:40,407
2024-09-27 05:50,401
2024-09-27 06:00,396
2024-09-27 06:10,391
2024-09-27 06:20,388
2024-09-27 06:30,385
2024-09-27 06:40,382
2024-09-27 06:50,381
2024-09-27 07:00,381
2024-09-27 07:10,381
2024-09-27 07:20,382
2024-09-27 07:30,384
2024-09-27 07:40,387
2024-09-27 07:50,391
2024-09-27 08:00,395
2024-09-27 08:10,400
2024-09-27 08:20,405
2024-09-27 08:30,412
2024-09-27 08:40,418
2024-09-27 08:50,425
2024-09-27 09:00,433
2024-09-27 09:10,440
2024-09-27 09:20,448
2024-09-27 09:30,456
2024-09-27 09:40,464
2024-09-27 09:50,472
2024-09-27 10:00,480
2024-09-27 10:10,488
2024-09-27 10:20,496
2024-09-27 10:30,503
2024-09-27 10:40,510
2024-09-27 10:50,517
2024-09-27 11:00,524
2024-09-27 11:10,530
2024-09-27 11:20,536
2024-09-27 11:30,541
2024-09-27 11:40,545
2024-09-27 11:50,549
2024-09-27 12:00,552
2024-09-27 12:10,555
2024-09-27 12:20,557
2024-09-27 12:30,558
2024-09-27 12:40,558
2024-09-27 12:50,557
2024-09-27 13:00,556
2024-09-27 13:10,554
2024-09-27 13:20,551
2024-09-27 13:30,547
2024-09-27 13:40,542
2024-09-27 13:50,537
2024-09-27 14:00,531
2024-09-27 14:10,525
2024-09-27 14:20,517
2024-09-27 14:30,510
2024-09-27 14:40,502
2024-09-27 14:50,493
2024-09-27 15:00,484
2024-09-27 15:10,475
2024-09-27 15:20,465
2024-09-27 15:30,456
2024-09-27 15:40,446
2024-09-27 15:50,436
2024-09-27 16:00,426
2024-09-27 16:10,416
2024-09-27 16:20,406
2024-09-27 16:30,397
2024-09-27 16:40,387
2024-09-27 16:50,378
2024-09-27 17:00,369
2024-09-27 17:10,361
2024-09-27 17:20,352
2024-09-27 17:30,345
2024-09-27 17:40,337
2024-09-27 17:50,331
2024-09-27 18:00,325
2024-09-27 18:10,320
2024-09-27 18:20,316
2024-09-27 18:30,312
2024-09-27 18:40,310
2024-09-27 18:50,308
2024-09-27 19:00,308
2024-09-27 19:10,308
2024-09-27 19:20,310
2024-09-27 19:30,313
2024-09-27 19:40,317
2024-09-27 19:50,322
2024-09-27 20:00,327
2024-09-27 20:10,334
2024-09-27 20:20,342
2024-09-27 20:30,351
2024-09-27 20:40,361
2024-09-27 20:50,371
2024-09-27 21:00,383
2024-09-27 21:10,395
2024-09-27 21:20,407
2024-09-27 21:30,420
2024-09-27 21:40,433
2024-09-27 21:50,447
2024-09-27 22:00,461
2024-09-27 22:10,475
2024-09-27 22:20,489
2024-09-27 22:30,503
2024-09-27 22:40,517
2024-09-27 22:50,531
2024-09-27 23:00,545
2024-09-27 23:10,558
2024-09-27 23:20,572
2024-09-27 23:30,584
2024-09-27 23:40,597
2024-09-27 23:50,608
2024-09-28 00:00,620
2024-09-28 00:10,630
2024-09-28 00:20,640
2024-09-28 00:30,649
2024-09-28 00:40,657
2024-09-28 00:50,664
2024-09-28 01:00,670
2024-09-28 01:10,675
2024-09-28 01:20,679
2024-09-28 01:30,683
2024-09-28 01:40,685
2024-09-28 01:50,686
2024-09-28 02:00,685
2024-09-28 02:10,684
2024-09-28 02:20,682
2024-09-28 02:30,679
2024-09-28 02:40,674
2024-09-28 02:50,669
2024-09-28 03:00,663
2024-09-28 03:10,656
2024-09-28 03:20,648
2024-09-28 03:30,639
2024-09-28 03:40,629
2024-09-28 03:50,619
2024-09-28 04:00,608
2024-09-28 04:10,596
2024-09-28 04:20,584
2024-09-28 04:30,572
2024-09-28 04:40,559
2024-09-28 04:50,545
2024-09-28 05:00,531
2024-09-28 05:10,517
2024-09-28 05:20,503
2024-09-28 05:30,489
2024-09-28 05:40,475
2024-09-28 05:50,460
2024-09-28 06:00,446
2024-09-28 06:10,433
2024-09-28 06:20,419
2024-09-28 06:30,406
2024-09-28 06:40,394
2024-09-28 06:50,382
2024-09-28 07:00,371
2024-09-28 07:10,361
2024-09-28 07:20,352
2024-09-28 07:30,344
2024-09-28 07:40,337
2024-09-28 07:50,332
2024-09-28 08:00,327
2024-09-28 08:10,324
2024-09-28 08:20,322
2024-09-28 08:30,322
2024-09-28 08:40,322
2024-09-28 08:50,324
2024-09-28 09:00,327
2024-09-28 09:10,332
2024-09-28 09:20,337
2024-09-28 09:30,344
2024-09-28 09:40,352
2024-09-28 09:50,360
2024-09-28 10:00,370
2024-09-28 10:10,380
2024-09-28 10:20,391
2024-09-28 10:30,402
2024-09-28 10:40,414
2024-09-28 10:50,427
2024-09-28 11:00,439
2024-09-28 11:10,452
2024-09-28 11:20,465
2024-09-28 11:30,478
2024-09-28 11:40,491
2024-09-28 11:50,504
2024-09-28 12:00,517
2024-09-28 12:10,529
2024-09-28 12:20,541
2024-09-28 12:30,552
2024-09-28 12:40,563
2024-09-28 12:50,573
2024-09-28 13:00,582
2024-09-28 13:10,590
2024-09-28 13:20,597
2024-09-28 13:30,603
2024-09-28 13:40,609
2024-09-28 13:50,612
2024-09-28 14:00,615
2024-09-28 14:10,617
2024-09-28 14:20,617
2024-09-28 14:30,616
2024-09-28 14:40,614
2024-09-28 14:50,611
2024-09-28 15:00,606
2024-09-28 15:10,600
2024-09-28 15:20,594
2024-09-28 15:30,586
2024-09-28 15:40,577
2024-09-28 15:50,567
2024-09-28 16:00,556
2024-09-28 16:10,544
2024-09-28 16:20,532
2024-09-28 16:30,519
2024-09-28 16:40,506
2024-09-28 16:50,492
2024-09-28 17:00,477
2024-09-28 17:10,463
2024-09-28 17:20,448
2024-09-28 17:30,433
2024-09-28 17:40,418
2024-09-28 17:50,403
2024-09-28 18:00,388
2024-09-28 18:10,373
2024-09-28 18:20,359
2024-09-28 18:30,345
2024-09-28 18:40,332
2024-09-28 18:50,320
2024-09-28 19:00,308
2024-09-28 19:10,297
2024-09-28 19:20,288
2024-09-28 19:30,279
2024-09-28 19:40,272
2024-09-28 19:50,266
2024-09-28 20:00,261
2024-09-28 20:10,258
2024-09-28 20:20,256
2024-09-28 20:30,256
2024-09-28 20:40,258
2024-09-28 20:50,261
2024-09-28 21:00,265
2024-09-28 21:10,272
2024-09-28 21:20,279
2024-09-28 21:30,289
2024-09-28 21:40,299
2024-09-28 21:50,311
2024-09-28 22:00,324
2024-09-28 22:10,338
2024-09-28 22:20,353
2024-09-28 22:30,369
2024-09-28 22:40,386
2024-09-28 22:50,404
2024-09-28 23:00,422
2024-09-28 23:10,440
2024-09-28 23:20,459
2024-09-28 23:30,478
2024-09-28 23:40,497
2024-09-28 23:50,516
2024-09-29 00:00,535
2024-09-29 00:10,553
2024-09-29 00:20,571
2024-09-29 00:30,589
2024-09-29 00:40,606
2024-09-29 00:50,623
2024-09-29 01:00,639
2024-09-29 01:10,653
2024-09-29 01:20,667
2024-09-29 01:30,680
2024-09-29 01:40,692
2024-09-29 01:50,703
2024-09-29 02:00,712
2024-09-29 02:10,720
2024-09-29 02:20,726
2024-09-29 02:30,732
2024-09-29 02:40,735
2024-09-29 02:50,737
2024-09-29 03:00,737
2024-09-29 03:10,736
2024-09-29 03:20,734
2024-09-29 03:30,729
2024-09-29 03:40,724
2024-09-29 03:50,716
2024-09-29 04:00,708
2024-09-29 04:10,698
2024-09-29 04:20,687
2024-09-29 04:30,674
2024-09-29 04:40,661
2024-09-29 04:50,646
2024-09-29 05:00,631
2024-09-29 05:10,615
2024-09-29 05:20,598
2024-09-29 05:30,580
2024-09-29 05:40,562
2024-09-29 05:50,543
2024-09-29 06:00,524
2024-09-29 06:10,505
2024-09-29 06:20,485
2024-09-29 06:30,466
2024-09-29 06:40,446
2024-09-29 06:50,427
2024-09-29 07:00,408
2024-09-29 07:10,390
2024-09-29 07:20,372
2024-09-29 07:30,355
2024-09-29 07:40,339
2024-09-29 07:50,323
2024-09-29 08:00,309
2024-09-29 08:10,296
2024-09-29 08:20,285
2024-09-29 08:30,275
2024-09-29 08:40,267
2024-09-29 08:50,260
2024-09-29 09:00,255
2024-09-29 09:10,252
2024-09-29 09:20,251
2024-09-29 09:30,252
2024-09-29 09:40,255
2024-09-29 09:50,259
2024-09-29 10:00,266
2024-09-29 10:10,274
2024-09-29 10:20,284
2024-09-29 10:30,295
2024-09-29 10:40,308
2024-09-29 10:50,321
2024-09-29 11:00,337
2024-09-29 11:10,353
2024-09-29 11:20,370
2024-09-29 11:30,387
2024-09-29 11:40,406
2024-09-29 11:50,425
2024-09-29 12:00,444
2024-09-29 12:10,463
2024-09-29 12:20,482
2024-09-29 12:30,501
2024-09-29 12:40,520
2024-09-29 12:50,539
2024-09-29 13:00,557
2024-09-29 13:10,575
2024-09-29 13:20,592
2024-09-29 13:30,608
2024-09-29 13:40,623
2024-09-29 13:50,637
2024-09-29 14:00,649
2024-09-29 14:10,661
2024-09-29 14:20,671
2024-09-29 14:30,679
2024-09-29 14:40,686
2024-09-29 14:50,691
2024-09-29 15:00,694
2024-09-29 15:10,696
2024-09-29 15:20,695
2024-09-29 15:30,693
2024-09-29 15:40,689
2024-09-29 15:50,683
2024-09-29 16:00,676
2024-09-29 16:10,667
2024-09-29 16:20,656
2024-09-29 16:30,644
2024-09-29 16:40,630
2024-09-29 16:50,615
2024-09-29 17:00,599
2024-09-29 17:10,582
2024-09-29 17:20,564
2024-09-29 17:30,545
2024-09-29 17:40,526
2024-09-29 17:50,506
2024-09-29 18:00,485
2024-09-29 18:10,465
2024-09-29 18:20,444
2024-09-29 18:30,423
2024-09-29 18:40,403
2024-09-29 18:50,383
2024-09-29 19:00,363
2024-09-29 19:10,343
2024-09-29 19:20,324
2024-09-29 19:30,306
2024-09-29 19:40,289
2024-09-29 19:50,272
2024-09-29 20:00,257
2024-09-29 20:10,243
2024-09-29 20:20,231
2024-09-29 20:30,220
2024-09-29 20:40,211
2024-09-29 20:50,204
2024-09-29 21:00,198
2024-09-29 21:10,195
2024-09-29 21:20,194
2024-09-29 21:30,195
2024-09-29 21:40,198
2024-09-29 21:50,203
2024-09-29 22:00,210
2024-09-29 22:10,220
2024-09-29 22:20,231
2024-09-29 22:30,244
2024-09-29 22:40,260
2024-09-29 22:50,276
2024-09-29 23:00,294
2024-09-29 23:10,314
2024-09-29 23:20,335
2024-09-29 23:30,356
2024-09-29 23:40,379
2024-09-29 23:50,402
2024-09-30 00:00,425
2024-09-30 00:10,449
2024-09-30 00:20,473
2024-09-30 00:30,497
2024-09-30 00:40,521
2024-09-30 00:50,544
2024-09-30 01:00,567
2024-09-30 01:10,590
2024-09-30 01:20,612
2024-09-30 01:30,633
2024-09-30 01:40,653
2024-09-30 01:50,673
2024-09-30 02:00,691
2024-09-30 02:10,707
2024-09-30 02:20,723
2024-09-30 02:30,737
2024-09-30 02:40,749
2024-09-30 02:50,760
2024-09-30 03:00,769
2024-09-30 03:10,776
2024-09-30 03:20,781
2024-09-30 03:30,784
2024-09-30 03:40,785
2024-09-30 03:50,783
2024-09-30 04:00,780
2024-09-30 04:10,775
2024-09-30 04:20,768
2024-09-30 04:30,759
2024-09-30 04:40,748
2024-09-30 04:50,735
2024-09-30 05:00,721
2024-09-30 05:10,705
2024-09-30 05:20,688
2024-09-30 05:30,669
2024-09-30 05:40,650
2024-09-30 05:50,629
2024-09-30 06:00,608
2024-09-30 06:10,586
2024-09-30 06:20,564
2024-09-30 06:30,541
2024-09-30 06:40,518
2024-09-30 06:50,495
2024-09-30 07:00,471
2024-09-30 07:10,448
2024-09-30 07:20,424
2024-09-30 07:30,401
2024-09-30 07:40,378
2024-09-30 07:50,356
2024-09-30 08:00,335
2024-09-30 08:10,314
2024-09-30 08:20,294
2024-09-30 08:30,276
2024-09-30 08:40,259
2024-09-30 08:50,243
2024-09-30 09:00,229
2024-09-30 09:10,217
2024-09-30 09:20,208
2024-09-30 09:30,200
2024-09-30 09:40,194
2024-09-30 09:50,191
2024-09-30 10:00,190
2024-09-30 10:10,192
2024-09-30 10:20,196
2024-09-30 10:30,203
2024-09-30 10:40,212
2024-09-30 10:50,223
2024-09-30 11:00,236
2024-09-30 11:10,251
2024-09-30 11:20,268
2024-09-30 11:30,287
2024-09-30 11:40,307
2024-09-30 11:50,328
2024-09-30 12:00,350
2024-09-30 12:10,374
2024-09-30 12:20,397
2024-09-30 12:30,422
2024-09-30 12:40,446
2024-09-30 12:50,471
2024-09-30 13:00,495
2024-09-30 13:10,520
2024-09-30 13:20,544
2024-09-30 13:30,567
2024-09-30 13:40,590
2024-09-30 13:50,612
2024-09-30 14:00,633
2024-09-30 14:10,653
2024-09-30 14:20,672
2024-09-30 14:30,690
2024-09-30 14:40,706
2024-09-30 14:50,720
2024-09-30 15:00,733
2024-09-30 15:10,743
2024-09-30 15:20,752
2024-09-30 15:30,758
2024-09-30 15:40,762
2024-09-30 15:50,764
2024-09-30 16:00,763
2024-09-30 16:10,761
2024-09-30 16:20,755
2024-09-30 16:30,748
2024-09-30 16:40,738
2024-09-30 16:50,726
2024-09-30 17:00,712
2024-09-30 17:10,697
2024-09-30 17:20,679
2024-09-30 17:30,660
2024-09-30 17:40,640
2024-09-30 17:50,619
2024-09-30 18:00,596
2024-09-30 18:10,573
2024-09-30 18:20,549
2024-09-30 18:30,525
2024-09-30 18:40,500
2024-09-30 18:50,475
2024-09-30 19:00,450
2024-09-30 19:10,425
2024-09-30 19:20,400
2024-09-30 19:30,376
2024-09-30 19:40,351
2024-09-30 19:50,328
2024-09-30 20:00,305
2024-09-30 20:10,283
2024-09-30 20:20,262
2024-09-30 20:30,242
2024-09-30 20:40,223
2024-09-30 20:50,206
2024-09-30 21:00,191
2024-09-30 21:10,177
2024-09-30 21:20,166
2024-09-30 21:30,156
2024-09-30 21:40,149
2024-09-30 21:50,145
2024-09-30 22:00,143
2024-09-30 22:10,143
2024-09-30 22:20,146
2024-09-30 22:30,152
2024-09-30 22:40,161
2024-09-30 22:50,172
2024-09-30 23:00,186
2024-09-30 23:10,202
2024-09-30 23:20,220
2024-09-30 23:30,240
2024-09-30 23:40,262
2024-09-30 23:50,286
