Timestamp,Predicted_Tide
2024-09-01 0:00,382
2024-09-01 0:10,406
2024-09-01 0:20,431
2024-09-01 0:30,456
2024-09-01 0:40,482
2024-09-01 0:50,507
2024-09-01 1:00,532
2024-09-01 1:10,557
2024-09-01 1:20,581
2024-09-01 1:30,604
2024-09-01 1:40,627
2024-09-01 1:50,650
2024-09-01 2:00,671
2024-09-01 2:10,691
2024-09-01 2:20,710
2024-09-01 2:30,728
2024-09-01 2:40,745
2024-09-01 2:50,760
2024-09-01 3:00,773
2024-09-01 3:10,785
2024-09-01 3:20,795
2024-09-01 3:30,803
2024-09-01 3:40,809
2024-09-01 3:50,813
2024-09-01 4:00,814
2024-09-01 4:10,814
2024-09-01 4:20,812
2024-09-01 4:30,808
2024-09-01 4:40,801
2024-09-01 4:50,793
2024-09-01 5:00,782
2024-09-01 5:10,770
2024-09-01 5:20,757
2024-09-01 5:30,742
2024-09-01 5:40,725
2024-09-01 5:50,707
2024-09-01 6:00,688
2024-09-01 6:10,668
2024-09-01 6:20,648
2024-09-01 6:30,626
2024-09-01 6:40,604
2024-09-01 6:50,581
2024-09-01 7:00,559
2024-09-01 7:10,535
2024-09-01 7:20,512
2024-09-01 7:30,489
2024-09-01 7:40,465
2024-09-01 7:50,442
2024-09-01 8:00,419
2024-09-01 8:10,397
2024-09-01 8:20,375
2024-09-01 8:30,353
2024-09-01 8:40,333
2024-09-01 8:50,313
2024-09-01 9:00,295
2024-09-01 9:10,278
2024-09-01 9:20,263
2024-09-01 9:30,249
2024-09-01 9:40,238
2024-09-01 9:50,228
2024-09-01 10:00,221
2024-09-01 10:10,215
2024-09-01 10:20,213
2024-09-01 10:30,212
2024-09-01 10:40,215
2024-09-01 10:50,219
2024-09-01 11:00,226
2024-09-01 11:10,236
2024-09-01 11:20,247
2024-09-01 11:30,260
2024-09-01 11:40,276
2024-09-01 11:50,293
2024-09-01 12:00,311
2024-09-01 12:10,331
2024-09-01 12:20,352
2024-09-01 12:30,374
2024-09-01 12:40,397
2024-09-01 12:50,420
2024-09-01 13:00,443
2024-09-01 13:10,467
2024-09-01 13:20,490
2024-09-01 13:30,514
2024-09-01 13:40,537
2024-09-01 13:50,560
2024-09-01 14:00,582
2024-09-01 14:10,603
2024-09-01 14:20,624
2024-09-01 14:30,643
2024-09-01 14:40,662
2024-09-01 14:50,679
2024-09-01 15:00,695
2024-09-01 15:10,709
2024-09-01 15:20,721
2024-09-01 15:30,732
2024-09-01 15:40,740
2024-09-01 15:50,747
2024-09-01 16:00,751
2024-09-01 16:10,753
2024-09-01 16:20,752
2024-09-01 16:30,749
2024-09-01 16:40,744
2024-09-01 16:50,737
2024-09-01 17:00,727
2024-09-01 17:10,715
2024-09-01 17:20,701
2024-09-01 17:30,685
2024-09-01 17:40,667
2024-09-01 17:50,648
2024-09-01 18:00,628
2024-09-01 18:10,606
2024-09-01 18:20,583
2024-09-01 18:30,560
2024-09-01 18:40,535
2024-09-01 18:50,511
2024-09-01 19:00,486
2024-09-01 19:10,461
2024-09-01 19:20,436
2024-09-01 19:30,411
2024-09-01 19:40,386
2024-09-01 19:50,362
2024-09-01 20:00,338
2024-09-01 20:10,315
2024-09-01 20:20,292
2024-09-01 20:30,270
2024-09-01 20:40,249
2024-09-01 20:50,229
2024-09-01 21:00,211
2024-09-01 21:10,193
2024-09-01 21:20,178
2024-09-01 21:30,164
2024-09-01 21:40,153
2024-09-01 21:50,143
2024-09-01 22:00,136
2024-09-01 22:10,131
2024-09-01 22:20,129
2024-09-01 22:30,129
2024-09-01 22:40,133
2024-09-01 22:50,139
2024-09-01 23:00,147
2024-09-01 23:10,159
2024-09-01 23:20,173
2024-09-01 23:30,189
2024-09-01 23:40,208
2024-09-01 23:50,229
2024-09-02 0:00,252
2024-09-02 0:10,276
2024-09-02 0:20,302
2024-09-02 0:30,329
2024-09-02 0:40,356
2024-09-02 0:50,385
2024-09-02 1:00,414
2024-09-02 1:10,443
2024-09-02 1:20,472
2024-09-02 1:30,501
2024-09-02 1:40,530
2024-09-02 1:50,559
2024-09-02 2:00,586
2024-09-02 2:10,614
2024-09-02 2:20,640
2024-09-02 2:30,665
2024-09-02 2:40,690
2024-09-02 2:50,713
2024-09-02 3:00,734
2024-09-02 3:10,755
2024-09-02 3:20,774
2024-09-02 3:30,791
2024-09-02 3:40,806
2024-09-02 3:50,819
2024-09-02 4:00,830
2024-09-02 4:10,839
2024-09-02 4:20,845
2024-09-02 4:30,849
2024-09-02 4:40,850
2024-09-02 4:50,849
2024-09-02 5:00,846
2024-09-02 5:10,840
2024-09-02 5:20,831
2024-09-02 5:30,821
2024-09-02 5:40,808
2024-09-02 5:50,793
2024-09-02 6:00,776
2024-09-02 6:10,758
2024-09-02 6:20,738
2024-09-02 6:30,717
2024-09-02 6:40,694
2024-09-02 6:50,671
2024-09-02 7:00,647
2024-09-02 7:10,623
2024-09-02 7:20,597
2024-09-02 7:30,572
2024-09-02 7:40,546
2024-09-02 7:50,520
2024-09-02 8:00,494
2024-09-02 8:10,468
2024-09-02 8:20,442
2024-09-02 8:30,417
2024-09-02 8:40,391
2024-09-02 8:50,366
2024-09-02 9:00,342
2024-09-02 9:10,318
2024-09-02 9:20,296
2024-09-02 9:30,274
2024-09-02 9:40,254
2024-09-02 9:50,235
2024-09-02 10:00,218
2024-09-02 10:10,204
2024-09-02 10:20,191
2024-09-02 10:30,181
2024-09-02 10:40,174
2024-09-02 10:50,169
2024-09-02 11:00,167
2024-09-02 11:10,168
2024-09-02 11:20,172
2024-09-02 11:30,179
2024-09-02 11:40,189
2024-09-02 11:50,201
2024-09-02 12:00,216
2024-09-02 12:10,233
2024-09-02 12:20,252
2024-09-02 12:30,274
2024-09-02 12:40,296
2024-09-02 12:50,321
2024-09-02 13:00,346
2024-09-02 13:10,372
2024-09-02 13:20,399
2024-09-02 13:30,427
2024-09-02 13:40,454
2024-09-02 13:50,482
2024-09-02 14:00,509
2024-09-02 14:10,536
2024-09-02 14:20,563
2024-09-02 14:30,589
2024-09-02 14:40,614
2024-09-02 14:50,638
2024-09-02 15:00,661
2024-09-02 15:10,683
2024-09-02 15:20,704
2024-09-02 15:30,723
2024-09-02 15:40,741
2024-09-02 15:50,756
2024-09-02 16:00,770
2024-09-02 16:10,781
2024-09-02 16:20,790
2024-09-02 16:30,797
2024-09-02 16:40,801
2024-09-02 16:50,802
2024-09-02 17:00,801
2024-09-02 17:10,796
2024-09-02 17:20,789
2024-09-02 17:30,780
2024-09-02 17:40,768
2024-09-02 17:50,753
2024-09-02 18:00,736
2024-09-02 18:10,717
2024-09-02 18:20,696
2024-09-02 18:30,674
2024-09-02 18:40,650
2024-09-02 18:50,625
2024-09-02 19:00,599
2024-09-02 19:10,572
2024-09-02 19:20,545
2024-09-02 19:30,517
2024-09-02 19:40,489
2024-09-02 19:50,461
2024-09-02 20:00,433
2024-09-02 20:10,406
2024-09-02 20:20,379
2024-09-02 20:30,352
2024-09-02 20:40,325
2024-09-02 20:50,300
2024-09-02 21:00,274
2024-09-02 21:10,250
2024-09-02 21:20,227
2024-09-02 21:30,205
2024-09-02 21:40,184
2024-09-02 21:50,165
2024-09-02 22:00,148
2024-09-02 22:10,133
2024-09-02 22:20,120
2024-09-02 22:30,109
2024-09-02 22:40,101
2024-09-02 22:50,96
2024-09-02 23:00,94
2024-09-02 23:10,95
2024-09-02 23:20,100
2024-09-02 23:30,107
2024-09-02 23:40,117
2024-09-02 23:50,131
2024-09-03 0:00,147
2024-09-03 0:10,167
2024-09-03 0:20,188
2024-09-03 0:30,212
2024-09-03 0:40,238
2024-09-03 0:50,266
2024-09-03 1:00,295
2024-09-03 1:10,326
2024-09-03 1:20,357
2024-09-03 1:30,389
2024-09-03 1:40,421
2024-09-03 1:50,453
2024-09-03 2:00,485
2024-09-03 2:10,517
2024-09-03 2:20,548
2024-09-03 2:30,578
2024-09-03 2:40,608
2024-09-03 2:50,637
2024-09-03 3:00,665
2024-09-03 3:10,691
2024-09-03 3:20,717
2024-09-03 3:30,741
2024-09-03 3:40,763
2024-09-03 3:50,784
2024-09-03 4:00,802
2024-09-03 4:10,819
2024-09-03 4:20,834
2024-09-03 4:30,846
2024-09-03 4:40,856
2024-09-03 4:50,864
2024-09-03 5:00,868
2024-09-03 5:10,870
2024-09-03 5:20,870
2024-09-03 5:30,866
2024-09-03 5:40,860
2024-09-03 5:50,851
2024-09-03 6:00,839
2024-09-03 6:10,825
2024-09-03 6:20,809
2024-09-03 6:30,791
2024-09-03 6:40,771
2024-09-03 6:50,749
2024-09-03 7:00,726
2024-09-03 7:10,702
2024-09-03 7:20,677
2024-09-03 7:30,651
2024-09-03 7:40,624
2024-09-03 7:50,597
2024-09-03 8:00,570
2024-09-03 8:10,543
2024-09-03 8:20,515
2024-09-03 8:30,488
2024-09-03 8:40,460
2024-09-03 8:50,433
2024-09-03 9:00,406
2024-09-03 9:10,379
2024-09-03 9:20,352
2024-09-03 9:30,327
2024-09-03 9:40,302
2024-09-03 9:50,277
2024-09-03 10:00,254
2024-09-03 10:10,232
2024-09-03 10:20,212
2024-09-03 10:30,194
2024-09-03 10:40,178
2024-09-03 10:50,164
2024-09-03 11:00,153
2024-09-03 11:10,144
2024-09-03 11:20,139
2024-09-03 11:30,136
2024-09-03 11:40,137
2024-09-03 11:50,141
2024-09-03 12:00,148
2024-09-03 12:10,159
2024-09-03 12:20,172
2024-09-03 12:30,188
2024-09-03 12:40,207
2024-09-03 12:50,229
2024-09-03 13:00,252
2024-09-03 13:10,277
2024-09-03 13:20,304
2024-09-03 13:30,332
2024-09-03 13:40,361
2024-09-03 13:50,391
2024-09-03 14:00,421
2024-09-03 14:10,451
2024-09-03 14:20,481
2024-09-03 14:30,511
2024-09-03 14:40,541
2024-09-03 14:50,570
2024-09-03 15:00,598
2024-09-03 15:10,626
2024-09-03 15:20,652
2024-09-03 15:30,677
2024-09-03 15:40,701
2024-09-03 15:50,724
2024-09-03 16:00,744
2024-09-03 16:10,764
2024-09-03 16:20,781
2024-09-03 16:30,796
2024-09-03 16:40,808
2024-09-03 16:50,819
2024-09-03 17:00,826
2024-09-03 17:10,831
2024-09-03 17:20,833
2024-09-03 17:30,832
2024-09-03 17:40,829
2024-09-03 17:50,822
2024-09-03 18:00,812
2024-09-03 18:10,800
2024-09-03 18:20,785
2024-09-03 18:30,767
2024-09-03 18:40,747
2024-09-03 18:50,725
2024-09-03 19:00,702
2024-09-03 19:10,676
2024-09-03 19:20,650
2024-09-03 19:30,622
2024-09-03 19:40,594
2024-09-03 19:50,565
2024-09-03 20:00,536
2024-09-03 20:10,507
2024-09-03 20:20,477
2024-09-03 20:30,448
2024-09-03 20:40,419
2024-09-03 20:50,390
2024-09-03 21:00,362
2024-09-03 21:10,334
2024-09-03 21:20,306
2024-09-03 21:30,279
2024-09-03 21:40,254
2024-09-03 21:50,229
2024-09-03 22:00,205
2024-09-03 22:10,182
2024-09-03 22:20,161
2024-09-03 22:30,142
2024-09-03 22:40,125
2024-09-03 22:50,110
2024-09-03 23:00,97
2024-09-03 23:10,88
2024-09-03 23:20,81
2024-09-03 23:30,78
2024-09-03 23:40,78
2024-09-03 23:50,81
2024-09-04 0:00,87
2024-09-04 0:10,97
2024-09-04 0:20,111
2024-09-04 0:30,128
2024-09-04 0:40,147
2024-09-04 0:50,170
2024-09-04 1:00,195
2024-09-04 1:10,222
2024-09-04 1:20,251
2024-09-04 1:30,282
2024-09-04 1:40,314
2024-09-04 1:50,347
2024-09-04 2:00,381
2024-09-04 2:10,414
2024-09-04 2:20,448
2024-09-04 2:30,482
2024-09-04 2:40,515
2024-09-04 2:50,548
2024-09-04 3:00,580
2024-09-04 3:10,611
2024-09-04 3:20,641
2024-09-04 3:30,670
2024-09-04 3:40,698
2024-09-04 3:50,724
2024-09-04 4:00,748
2024-09-04 4:10,771
2024-09-04 4:20,792
2024-09-04 4:30,812
2024-09-04 4:40,829
2024-09-04 4:50,843
2024-09-04 5:00,856
2024-09-04 5:10,866
2024-09-04 5:20,873
2024-09-04 5:30,877
2024-09-04 5:40,878
2024-09-04 5:50,877
2024-09-04 6:00,873
2024-09-04 6:10,865
2024-09-04 6:20,855
2024-09-04 6:30,843
2024-09-04 6:40,827
2024-09-04 6:50,810
2024-09-04 7:00,790
2024-09-04 7:10,768
2024-09-04 7:20,745
2024-09-04 7:30,720
2024-09-04 7:40,695
2024-09-04 7:50,668
2024-09-04 8:00,641
2024-09-04 8:10,613
2024-09-04 8:20,585
2024-09-04 8:30,556
2024-09-04 8:40,528
2024-09-04 8:50,499
2024-09-04 9:00,471
2024-09-04 9:10,443
2024-09-04 9:20,415
2024-09-04 9:30,387
2024-09-04 9:40,360
2024-09-04 9:50,333
2024-09-04 10:00,307
2024-09-04 10:10,281
2024-09-04 10:20,257
2024-09-04 10:30,233
2024-09-04 10:40,211
2024-09-04 10:50,191
2024-09-04 11:00,173
2024-09-04 11:10,156
2024-09-04 11:20,142
2024-09-04 11:30,131
2024-09-04 11:40,123
2024-09-04 11:50,118
2024-09-04 12:00,116
2024-09-04 12:10,118
2024-09-04 12:20,123
2024-09-04 12:30,131
2024-09-04 12:40,143
2024-09-04 12:50,158
2024-09-04 13:00,175
2024-09-04 13:10,196
2024-09-04 13:20,219
2024-09-04 13:30,245
2024-09-04 13:40,272
2024-09-04 13:50,301
2024-09-04 14:00,331
2024-09-04 14:10,361
2024-09-04 14:20,393
2024-09-04 14:30,425
2024-09-04 14:40,457
2024-09-04 14:50,488
2024-09-04 15:00,520
2024-09-04 15:10,551
2024-09-04 15:20,581
2024-09-04 15:30,610
2024-09-04 15:40,638
2024-09-04 15:50,665
2024-09-04 16:00,691
2024-09-04 16:10,715
2024-09-04 16:20,738
2024-09-04 16:30,760
2024-09-04 16:40,779
2024-09-04 16:50,796
2024-09-04 17:00,811
2024-09-04 17:10,824
2024-09-04 17:20,835
2024-09-04 17:30,842
2024-09-04 17:40,847
2024-09-04 17:50,849
2024-09-04 18:00,848
2024-09-04 18:10,844
2024-09-04 18:20,837
2024-09-04 18:30,827
2024-09-04 18:40,814
2024-09-04 18:50,798
2024-09-04 19:00,780
2024-09-04 19:10,760
2024-09-04 19:20,738
2024-09-04 19:30,713
2024-09-04 19:40,688
2024-09-04 19:50,661
2024-09-04 20:00,633
2024-09-04 20:10,604
2024-09-04 20:20,574
2024-09-04 20:30,545
2024-09-04 20:40,515
2024-09-04 20:50,485
2024-09-04 21:00,455
2024-09-04 21:10,426
2024-09-04 21:20,396
2024-09-04 21:30,367
2024-09-04 21:40,339
2024-09-04 21:50,311
2024-09-04 22:00,284
2024-09-04 22:10,257
2024-09-04 22:20,232
2024-09-04 22:30,207
2024-09-04 22:40,184
2024-09-04 22:50,163
2024-09-04 23:00,143
2024-09-04 23:10,125
2024-09-04 23:20,109
2024-09-04 23:30,97
2024-09-04 23:40,86
2024-09-04 23:50,79
2024-09-05 0:00,76
2024-09-05 0:10,75
2024-09-05 0:20,78
2024-09-05 0:30,85
2024-09-05 0:40,95
2024-09-05 0:50,109
2024-09-05 1:00,126
2024-09-05 1:10,146
2024-09-05 1:20,170
2024-09-05 1:30,195
2024-09-05 1:40,223
2024-09-05 1:50,253
2024-09-05 2:00,285
2024-09-05 2:10,318
2024-09-05 2:20,352
2024-09-05 2:30,386
2024-09-05 2:40,421
2024-09-05 2:50,456
2024-09-05 3:00,490
2024-09-05 3:10,524
2024-09-05 3:20,557
2024-09-05 3:30,590
2024-09-05 3:40,621
2024-09-05 3:50,651
2024-09-05 4:00,680
2024-09-05 4:10,707
2024-09-05 4:20,733
2024-09-05 4:30,757
2024-09-05 4:40,779
2024-09-05 4:50,800
2024-09-05 5:00,818
2024-09-05 5:10,834
2024-09-05 5:20,848
2024-09-05 5:30,860
2024-09-05 5:40,868
2024-09-05 5:50,874
2024-09-05 6:00,877
2024-09-05 6:10,878
2024-09-05 6:20,875
2024-09-05 6:30,869
2024-09-05 6:40,860
2024-09-05 6:50,849
2024-09-05 7:00,835
2024-09-05 7:10,818
2024-09-05 7:20,799
2024-09-05 7:30,778
2024-09-05 7:40,755
2024-09-05 7:50,730
2024-09-05 8:00,704
2024-09-05 8:10,678
2024-09-05 8:20,650
2024-09-05 8:30,621
2024-09-05 8:40,593
2024-09-05 8:50,564
2024-09-05 9:00,534
2024-09-05 9:10,505
2024-09-05 9:20,476
2024-09-05 9:30,448
2024-09-05 9:40,419
2024-09-05 9:50,391
2024-09-05 10:00,363
2024-09-05 10:10,336
2024-09-05 10:20,309
2024-09-05 10:30,283
2024-09-05 10:40,258
2024-09-05 10:50,234
2024-09-05 11:00,212
2024-09-05 11:10,190
2024-09-05 11:20,171
2024-09-05 11:30,153
2024-09-05 11:40,138
2024-09-05 11:50,125
2024-09-05 12:00,116
2024-09-05 12:10,109
2024-09-05 12:20,105
2024-09-05 12:30,105
2024-09-05 12:40,108
2024-09-05 12:50,115
2024-09-05 13:00,125
2024-09-05 13:10,138
2024-09-05 13:20,155
2024-09-05 13:30,174
2024-09-05 13:40,196
2024-09-05 13:50,221
2024-09-05 14:00,248
2024-09-05 14:10,277
2024-09-05 14:20,307
2024-09-05 14:30,338
2024-09-05 14:40,370
2024-09-05 14:50,403
2024-09-05 15:00,436
2024-09-05 15:10,468
2024-09-05 15:20,501
2024-09-05 15:30,532
2024-09-05 15:40,563
2024-09-05 15:50,594
2024-09-05 16:00,623
2024-09-05 16:10,651
2024-09-05 16:20,678
2024-09-05 16:30,703
2024-09-05 16:40,727
2024-09-05 16:50,749
2024-09-05 17:00,770
2024-09-05 17:10,788
2024-09-05 17:20,805
2024-09-05 17:30,819
2024-09-05 17:40,831
2024-09-05 17:50,841
2024-09-05 18:00,847
2024-09-05 18:10,851
2024-09-05 18:20,853
2024-09-05 18:30,851
2024-09-05 18:40,846
2024-09-05 18:50,838
2024-09-05 19:00,828
2024-09-05 19:10,815
2024-09-05 19:20,799
2024-09-05 19:30,780
2024-09-05 19:40,760
2024-09-05 19:50,737
2024-09-05 20:00,713
2024-09-05 20:10,687
2024-09-05 20:20,661
2024-09-05 20:30,633
2024-09-05 20:40,604
2024-09-05 20:50,575
2024-09-05 21:00,546
2024-09-05 21:10,516
2024-09-05 21:20,487
2024-09-05 21:30,457
2024-09-05 21:40,428
2024-09-05 21:50,399
2024-09-05 22:00,370
2024-09-05 22:10,342
2024-09-05 22:20,315
2024-09-05 22:30,288
2024-09-05 22:40,262
2024-09-05 22:50,236
2024-09-05 23:00,212
2024-09-05 23:10,190
2024-09-05 23:20,168
2024-09-05 23:30,149
2024-09-05 23:40,132
2024-09-05 23:50,117
2024-09-06 0:00,104
2024-09-06 0:10,95
2024-09-06 0:20,88
2024-09-06 0:30,85
2024-09-06 0:40,85
2024-09-06 0:50,89
2024-09-06 1:00,96
2024-09-06 1:10,107
2024-09-06 1:20,121
2024-09-06 1:30,139
2024-09-06 1:40,160
2024-09-06 1:50,183
2024-09-06 2:00,210
2024-09-06 2:10,238
2024-09-06 2:20,268
2024-09-06 2:30,300
2024-09-06 2:40,333
2024-09-06 2:50,367
2024-09-06 3:00,402
2024-09-06 3:10,436
2024-09-06 3:20,471
2024-09-06 3:30,505
2024-09-06 3:40,538
2024-09-06 3:50,571
2024-09-06 4:00,602
2024-09-06 4:10,633
2024-09-06 4:20,662
2024-09-06 4:30,690
2024-09-06 4:40,716
2024-09-06 4:50,741
2024-09-06 5:00,764
2024-09-06 5:10,785
2024-09-06 5:20,804
2024-09-06 5:30,821
2024-09-06 5:40,835
2024-09-06 5:50,848
2024-09-06 6:00,857
2024-09-06 6:10,864
2024-09-06 6:20,869
2024-09-06 6:30,870
2024-09-06 6:40,868
2024-09-06 6:50,864
2024-09-06 7:00,857
2024-09-06 7:10,846
2024-09-06 7:20,833
2024-09-06 7:30,818
2024-09-06 7:40,800
2024-09-06 7:50,780
2024-09-06 8:00,757
2024-09-06 8:10,733
2024-09-06 8:20,708
2024-09-06 8:30,681
2024-09-06 8:40,654
2024-09-06 8:50,625
2024-09-06 9:00,596
2024-09-06 9:10,567
2024-09-06 9:20,538
2024-09-06 9:30,509
2024-09-06 9:40,479
2024-09-06 9:50,451
2024-09-06 10:00,422
2024-09-06 10:10,394
2024-09-06 10:20,366
2024-09-06 10:30,338
2024-09-06 10:40,312
2024-09-06 10:50,286
2024-09-06 11:00,260
2024-09-06 11:10,236
2024-09-06 11:20,213
2024-09-06 11:30,192
2024-09-06 11:40,172
2024-09-06 11:50,154
2024-09-06 12:00,138
2024-09-06 12:10,125
2024-09-06 12:20,114
2024-09-06 12:30,106
2024-09-06 12:40,101
2024-09-06 12:50,100
2024-09-06 13:00,101
2024-09-06 13:10,107
2024-09-06 13:20,115
2024-09-06 13:30,127
2024-09-06 13:40,142
2024-09-06 13:50,161
2024-09-06 14:00,182
2024-09-06 14:10,206
2024-09-06 14:20,232
2024-09-06 14:30,260
2024-09-06 14:40,290
2024-09-06 14:50,321
2024-09-06 15:00,353
2024-09-06 15:10,385
2024-09-06 15:20,418
2024-09-06 15:30,451
2024-09-06 15:40,483
2024-09-06 15:50,515
2024-09-06 16:00,546
2024-09-06 16:10,577
2024-09-06 16:20,606
2024-09-06 16:30,635
2024-09-06 16:40,662
2024-09-06 16:50,688
2024-09-06 17:00,712
2024-09-06 17:10,735
2024-09-06 17:20,756
2024-09-06 17:30,775
2024-09-06 17:40,792
2024-09-06 17:50,807
2024-09-06 18:00,820
2024-09-06 18:10,831
2024-09-06 18:20,839
2024-09-06 18:30,845
2024-09-06 18:40,847
2024-09-06 18:50,847
2024-09-06 19:00,845
2024-09-06 19:10,839
2024-09-06 19:20,831
2024-09-06 19:30,820
2024-09-06 19:40,806
2024-09-06 19:50,790
2024-09-06 20:00,771
2024-09-06 20:10,751
2024-09-06 20:20,729
2024-09-06 20:30,705
2024-09-06 20:40,680
2024-09-06 20:50,653
2024-09-06 21:00,626
2024-09-06 21:10,598
2024-09-06 21:20,570
2024-09-06 21:30,542
2024-09-06 21:40,513
2024-09-06 21:50,485
2024-09-06 22:00,456
2024-09-06 22:10,428
2024-09-06 22:20,400
2024-09-06 22:30,373
2024-09-06 22:40,346
2024-09-06 22:50,319
2024-09-06 23:00,294
2024-09-06 23:10,269
2024-09-06 23:20,244
2024-09-06 23:30,221
2024-09-06 23:40,200
2024-09-06 23:50,180
2024-09-07 0:00,162
2024-09-07 0:10,145
2024-09-07 0:20,132
2024-09-07 0:30,120
2024-09-07 0:40,112
2024-09-07 0:50,107
2024-09-07 1:00,105
2024-09-07 1:10,106
2024-09-07 1:20,110
2024-09-07 1:30,119
2024-09-07 1:40,130
2024-09-07 1:50,145
2024-09-07 2:00,163
2024-09-07 2:10,184
2024-09-07 2:20,208
2024-09-07 2:30,234
2024-09-07 2:40,262
2024-09-07 2:50,292
2024-09-07 3:00,323
2024-09-07 3:10,355
2024-09-07 3:20,388
2024-09-07 3:30,421
2024-09-07 3:40,455
2024-09-07 3:50,488
2024-09-07 4:00,520
2024-09-07 4:10,552
2024-09-07 4:20,583
2024-09-07 4:30,613
2024-09-07 4:40,642
2024-09-07 4:50,669
2024-09-07 5:00,695
2024-09-07 5:10,720
2024-09-07 5:20,743
2024-09-07 5:30,764
2024-09-07 5:40,783
2024-09-07 5:50,800
2024-09-07 6:00,815
2024-09-07 6:10,828
2024-09-07 6:20,838
2024-09-07 6:30,846
2024-09-07 6:40,851
2024-09-07 6:50,853
2024-09-07 7:00,853
2024-09-07 7:10,850
2024-09-07 7:20,844
2024-09-07 7:30,835
2024-09-07 7:40,824
2024-09-07 7:50,810
2024-09-07 8:00,793
2024-09-07 8:10,774
2024-09-07 8:20,753
2024-09-07 8:30,730
2024-09-07 8:40,706
2024-09-07 8:50,680
2024-09-07 9:00,653
2024-09-07 9:10,626
2024-09-07 9:20,597
2024-09-07 9:30,569
2024-09-07 9:40,540
2024-09-07 9:50,511
2024-09-07 10:00,482
2024-09-07 10:10,453
2024-09-07 10:20,425
2024-09-07 10:30,397
2024-09-07 10:40,369
2024-09-07 10:50,343
2024-09-07 11:00,316
2024-09-07 11:10,291
2024-09-07 11:20,266
2024-09-07 11:30,242
2024-09-07 11:40,219
2024-09-07 11:50,198
2024-09-07 12:00,178
2024-09-07 12:10,160
2024-09-07 12:20,144
2024-09-07 12:30,130
2024-09-07 12:40,119
2024-09-07 12:50,111
2024-09-07 13:00,105
2024-09-07 13:10,102
2024-09-07 13:20,103
2024-09-07 13:30,107
2024-09-07 13:40,114
2024-09-07 13:50,125
2024-09-07 14:00,138
2024-09-07 14:10,155
2024-09-07 14:20,175
2024-09-07 14:30,198
2024-09-07 14:40,222
2024-09-07 14:50,249
2024-09-07 15:00,278
2024-09-07 15:10,308
2024-09-07 15:20,339
2024-09-07 15:30,370
2024-09-07 15:40,402
2024-09-07 15:50,435
2024-09-07 16:00,467
2024-09-07 16:10,498
2024-09-07 16:20,529
2024-09-07 16:30,559
2024-09-07 16:40,589
2024-09-07 16:50,617
2024-09-07 17:00,643
2024-09-07 17:10,669
2024-09-07 17:20,693
2024-09-07 17:30,716
2024-09-07 17:40,737
2024-09-07 17:50,756
2024-09-07 18:00,774
2024-09-07 18:10,789
2024-09-07 18:20,803
2024-09-07 18:30,814
2024-09-07 18:40,823
2024-09-07 18:50,830
2024-09-07 19:00,834
2024-09-07 19:10,836
2024-09-07 19:20,835
2024-09-07 19:30,831
2024-09-07 19:40,825
2024-09-07 19:50,816
2024-09-07 20:00,804
2024-09-07 20:10,790
2024-09-07 20:20,774
2024-09-07 20:30,756
2024-09-07 20:40,736
2024-09-07 20:50,715
2024-09-07 21:00,692
2024-09-07 21:10,668
2024-09-07 21:20,642
2024-09-07 21:30,617
2024-09-07 21:40,590
2024-09-07 21:50,564
2024-09-07 22:00,537
2024-09-07 22:10,510
2024-09-07 22:20,483
2024-09-07 22:30,456
2024-09-07 22:40,430
2024-09-07 22:50,404
2024-09-07 23:00,378
2024-09-07 23:10,353
2024-09-07 23:20,328
2024-09-07 23:30,304
2024-09-07 23:40,281
2024-09-07 23:50,259
2024-09-08 0:00,238
2024-09-08 0:10,218
2024-09-08 0:20,200
2024-09-08 0:30,183
2024-09-08 0:40,169
2024-09-08 0:50,157
2024-09-08 1:00,147
2024-09-08 1:10,140
2024-09-08 1:20,136
2024-09-08 1:30,135
2024-09-08 1:40,137
2024-09-08 1:50,143
2024-09-08 2:00,151
2024-09-08 2:10,163
2024-09-08 2:20,178
2024-09-08 2:30,196
2024-09-08 2:40,216
2024-09-08 2:50,239
2024-09-08 3:00,264
2024-09-08 3:10,291
2024-09-08 3:20,320
2024-09-08 3:30,349
2024-09-08 3:40,379
2024-09-08 3:50,410
2024-09-08 4:00,441
2024-09-08 4:10,472
2024-09-08 4:20,503
2024-09-08 4:30,533
2024-09-08 4:40,562
2024-09-08 4:50,590
2024-09-08 5:00,618
2024-09-08 5:10,644
2024-09-08 5:20,669
2024-09-08 5:30,692
2024-09-08 5:40,714
2024-09-08 5:50,734
2024-09-08 6:00,753
2024-09-08 6:10,769
2024-09-08 6:20,784
2024-09-08 6:30,797
2024-09-08 6:40,808
2024-09-08 6:50,816
2024-09-08 7:00,822
2024-09-08 7:10,825
2024-09-08 7:20,826
2024-09-08 7:30,825
2024-09-08 7:40,820
2024-09-08 7:50,813
2024-09-08 8:00,804
2024-09-08 8:10,791
2024-09-08 8:20,777
2024-09-08 8:30,760
2024-09-08 8:40,741
2024-09-08 8:50,720
2024-09-08 9:00,697
2024-09-08 9:10,673
2024-09-08 9:20,648
2024-09-08 9:30,622
2024-09-08 9:40,595
2024-09-08 9:50,568
2024-09-08 10:00,540
2024-09-08 10:10,513
2024-09-08 10:20,485
2024-09-08 10:30,457
2024-09-08 10:40,430
2024-09-08 10:50,403
2024-09-08 11:00,377
2024-09-08 11:10,351
2024-09-08 11:20,325
2024-09-08 11:30,301
2024-09-08 11:40,277
2024-09-08 11:50,254
2024-09-08 12:00,233
2024-09-08 12:10,212
2024-09-08 12:20,193
2024-09-08 12:30,175
2024-09-08 12:40,159
2024-09-08 12:50,146
2024-09-08 13:00,134
2024-09-08 13:10,125
2024-09-08 13:20,119
2024-09-08 13:30,115
2024-09-08 13:40,114
2024-09-08 13:50,117
2024-09-08 14:00,122
2024-09-08 14:10,131
2024-09-08 14:20,143
2024-09-08 14:30,158
2024-09-08 14:40,175
2024-09-08 14:50,196
2024-09-08 15:00,218
2024-09-08 15:10,243
2024-09-08 15:20,270
2024-09-08 15:30,298
2024-09-08 15:40,327
2024-09-08 15:50,357
2024-09-08 16:00,388
2024-09-08 16:10,418
2024-09-08 16:20,449
2024-09-08 16:30,479
2024-09-08 16:40,509
2024-09-08 16:50,538
2024-09-08 17:00,567
2024-09-08 17:10,594
2024-09-08 17:20,620
2024-09-08 17:30,645
2024-09-08 17:40,668
2024-09-08 17:50,691
2024-09-08 18:00,711
2024-09-08 18:10,730
2024-09-08 18:20,748
2024-09-08 18:30,763
2024-09-08 18:40,777
2024-09-08 18:50,789
2024-09-08 19:00,799
2024-09-08 19:10,807
2024-09-08 19:20,812
2024-09-08 19:30,815
2024-09-08 19:40,816
2024-09-08 19:50,815
2024-09-08 20:00,810
2024-09-08 20:10,804
2024-09-08 20:20,795
2024-09-08 20:30,784
2024-09-08 20:40,771
2024-09-08 20:50,755
2024-09-08 21:00,738
2024-09-08 21:10,719
2024-09-08 21:20,699
2024-09-08 21:30,678
2024-09-08 21:40,655
2024-09-08 21:50,632
2024-09-08 22:00,608
2024-09-08 22:10,584
2024-09-08 22:20,559
2024-09-08 22:30,535
2024-09-08 22:40,510
2024-09-08 22:50,485
2024-09-08 23:00,461
2024-09-08 23:10,437
2024-09-08 23:20,413
2024-09-08 23:30,390
2024-09-08 23:40,367
2024-09-08 23:50,345
2024-09-09 0:00,324
2024-09-09 0:10,303
2024-09-09 0:20,283
2024-09-09 0:30,264
2024-09-09 0:40,247
2024-09-09 0:50,231
2024-09-09 1:00,217
2024-09-09 1:10,204
2024-09-09 1:20,194
2024-09-09 1:30,186
2024-09-09 1:40,180
2024-09-09 1:50,177
2024-09-09 2:00,177
2024-09-09 2:10,180
2024-09-09 2:20,186
2024-09-09 2:30,194
2024-09-09 2:40,205
2024-09-09 2:50,219
2024-09-09 3:00,236
2024-09-09 3:10,255
2024-09-09 3:20,276
2024-09-09 3:30,298
2024-09-09 3:40,323
2024-09-09 3:50,348
2024-09-09 4:00,375
2024-09-09 4:10,402
2024-09-09 4:20,429
2024-09-09 4:30,457
2024-09-09 4:40,484
2024-09-09 4:50,511
2024-09-09 5:00,538
2024-09-09 5:10,564
2024-09-09 5:20,588
2024-09-09 5:30,612
2024-09-09 5:40,635
2024-09-09 5:50,656
2024-09-09 6:00,676
2024-09-09 6:10,695
2024-09-09 6:20,713
2024-09-09 6:30,728
2024-09-09 6:40,742
2024-09-09 6:50,755
2024-09-09 7:00,765
2024-09-09 7:10,774
2024-09-09 7:20,780
2024-09-09 7:30,784
2024-09-09 7:40,787
2024-09-09 7:50,786
2024-09-09 8:00,784
2024-09-09 8:10,779
2024-09-09 8:20,771
2024-09-09 8:30,762
2024-09-09 8:40,750
2024-09-09 8:50,736
2024-09-09 9:00,720
2024-09-09 9:10,702
2024-09-09 9:20,682
2024-09-09 9:30,661
2024-09-09 9:40,639
2024-09-09 9:50,615
2024-09-09 10:00,591
2024-09-09 10:10,566
2024-09-09 10:20,541
2024-09-09 10:30,515
2024-09-09 10:40,490
2024-09-09 10:50,464
2024-09-09 11:00,439
2024-09-09 11:10,414
2024-09-09 11:20,389
2024-09-09 11:30,365
2024-09-09 11:40,342
2024-09-09 11:50,319
2024-09-09 12:00,297
2024-09-09 12:10,275
2024-09-09 12:20,255
2024-09-09 12:30,236
2024-09-09 12:40,218
2024-09-09 12:50,201
2024-09-09 13:00,186
2024-09-09 13:10,173
2024-09-09 13:20,161
2024-09-09 13:30,152
2024-09-09 13:40,145
2024-09-09 13:50,140
2024-09-09 14:00,138
2024-09-09 14:10,139
2024-09-09 14:20,142
2024-09-09 14:30,148
2024-09-09 14:40,157
2024-09-09 14:50,169
2024-09-09 15:00,184
2024-09-09 15:10,201
2024-09-09 15:20,220
2024-09-09 15:30,242
2024-09-09 15:40,265
2024-09-09 15:50,290
2024-09-09 16:00,316
2024-09-09 16:10,343
2024-09-09 16:20,371
2024-09-09 16:30,399
2024-09-09 16:40,427
2024-09-09 16:50,455
2024-09-09 17:00,483
2024-09-09 17:10,510
2024-09-09 17:20,537
2024-09-09 17:30,563
2024-09-09 17:40,588
2024-09-09 17:50,611
2024-09-09 18:00,634
2024-09-09 18:10,655
2024-09-09 18:20,675
2024-09-09 18:30,694
2024-09-09 18:40,711
2024-09-09 18:50,727
2024-09-09 19:00,741
2024-09-09 19:10,753
2024-09-09 19:20,764
2024-09-09 19:30,773
2024-09-09 19:40,780
2024-09-09 19:50,785
2024-09-09 20:00,787
2024-09-09 20:10,788
2024-09-09 20:20,787
2024-09-09 20:30,783
2024-09-09 20:40,777
2024-09-09 20:50,769
2024-09-09 21:00,759
2024-09-09 21:10,748
2024-09-09 21:20,734
2024-09-09 21:30,719
2024-09-09 21:40,702
2024-09-09 21:50,685
2024-09-09 22:00,666
2024-09-09 22:10,646
2024-09-09 22:20,625
2024-09-09 22:30,604
2024-09-09 22:40,583
2024-09-09 22:50,561
2024-09-09 23:00,539
2024-09-09 23:10,518
2024-09-09 23:20,496
2024-09-09 23:30,475
2024-09-09 23:40,454
2024-09-09 23:50,433
2024-09-10 0:00,413
2024-09-10 0:10,393
2024-09-10 0:20,374
2024-09-10 0:30,355
2024-09-10 0:40,337
2024-09-10 0:50,320
2024-09-10 1:00,304
2024-09-10 1:10,289
2024-09-10 1:20,276
2024-09-10 1:30,264
2024-09-10 1:40,253
2024-09-10 1:50,244
2024-09-10 2:00,238
2024-09-10 2:10,233
2024-09-10 2:20,231
2024-09-10 2:30,231
2024-09-10 2:40,233
2024-09-10 2:50,238
2024-09-10 3:00,245
2024-09-10 3:10,255
2024-09-10 3:20,266
2024-09-10 3:30,280
2024-09-10 3:40,296
2024-09-10 3:50,314
2024-09-10 4:00,333
2024-09-10 4:10,353
2024-09-10 4:20,374
2024-09-10 4:30,397
2024-09-10 4:40,419
2024-09-10 4:50,442
2024-09-10 5:00,465
2024-09-10 5:10,488
2024-09-10 5:20,510
2024-09-10 5:30,532
2024-09-10 5:40,554
2024-09-10 5:50,574
2024-09-10 6:00,594
2024-09-10 6:10,613
2024-09-10 6:20,630
2024-09-10 6:30,647
2024-09-10 6:40,662
2024-09-10 6:50,676
2024-09-10 7:00,689
2024-09-10 7:10,701
2024-09-10 7:20,710
2024-09-10 7:30,719
2024-09-10 7:40,726
2024-09-10 7:50,731
2024-09-10 8:00,734
2024-09-10 8:10,735
2024-09-10 8:20,734
2024-09-10 8:30,732
2024-09-10 8:40,727
2024-09-10 8:50,721
2024-09-10 9:00,712
2024-09-10 9:10,702
2024-09-10 9:20,689
2024-09-10 9:30,676
2024-09-10 9:40,660
2024-09-10 9:50,643
2024-09-10 10:00,625
2024-09-10 10:10,605
2024-09-10 10:20,585
2024-09-10 10:30,564
2024-09-10 10:40,542
2024-09-10 10:50,520
2024-09-10 11:00,498
2024-09-10 11:10,476
2024-09-10 11:20,454
2024-09-10 11:30,432
2024-09-10 11:40,410
2024-09-10 11:50,388
2024-09-10 12:00,367
2024-09-10 12:10,347
2024-09-10 12:20,327
2024-09-10 12:30,308
2024-09-10 12:40,290
2024-09-10 12:50,272
2024-09-10 13:00,256
2024-09-10 13:10,240
2024-09-10 13:20,226
2024-09-10 13:30,213
2024-09-10 13:40,202
2024-09-10 13:50,192
2024-09-10 14:00,185
2024-09-10 14:10,179
2024-09-10 14:20,175
2024-09-10 14:30,174
2024-09-10 14:40,175
2024-09-10 14:50,178
2024-09-10 15:00,183
2024-09-10 15:10,191
2024-09-10 15:20,201
2024-09-10 15:30,214
2024-09-10 15:40,228
2024-09-10 15:50,245
2024-09-10 16:00,263
2024-09-10 16:10,283
2024-09-10 16:20,304
2024-09-10 16:30,327
2024-09-10 16:40,350
2024-09-10 16:50,374
2024-09-10 17:00,398
2024-09-10 17:10,423
2024-09-10 17:20,447
2024-09-10 17:30,472
2024-09-10 17:40,496
2024-09-10 17:50,519
2024-09-10 18:00,542
2024-09-10 18:10,564
2024-09-10 18:20,585
2024-09-10 18:30,605
2024-09-10 18:40,624
2024-09-10 18:50,642
2024-09-10 19:00,659
2024-09-10 19:10,675
2024-09-10 19:20,689
2024-09-10 19:30,702
2024-09-10 19:40,714
2024-09-10 19:50,724
2024-09-10 20:00,733
2024-09-10 20:10,739
2024-09-10 20:20,745
2024-09-10 20:30,748
2024-09-10 20:40,750
2024-09-10 20:50,750
2024-09-10 21:00,748
2024-09-10 21:10,744
2024-09-10 21:20,739
2024-09-10 21:30,731
2024-09-10 21:40,723
2024-09-10 21:50,712
2024-09-10 22:00,701
2024-09-10 22:10,688
2024-09-10 22:20,674
2024-09-10 22:30,658
2024-09-10 22:40,642
2024-09-10 22:50,626
2024-09-10 23:00,609
2024-09-10 23:10,591
2024-09-10 23:20,573
2024-09-10 23:30,555
2024-09-10 23:40,537
2024-09-10 23:50,519
2024-09-11 0:00,502
2024-09-11 0:10,484
2024-09-11 0:20,467
2024-09-11 0:30,450
2024-09-11 0:40,433
2024-09-11 0:50,417
2024-09-11 1:00,401
2024-09-11 1:10,386
2024-09-11 1:20,372
2024-09-11 1:30,359
2024-09-11 1:40,346
2024-09-11 1:50,335
2024-09-11 2:00,324
2024-09-11 2:10,315
2024-09-11 2:20,308
2024-09-11 2:30,302
2024-09-11 2:40,297
2024-09-11 2:50,295
2024-09-11 3:00,294
2024-09-11 3:10,295
2024-09-11 3:20,297
2024-09-11 3:30,302
2024-09-11 3:40,308
2024-09-11 3:50,316
2024-09-11 4:00,326
2024-09-11 4:10,337
2024-09-11 4:20,350
2024-09-11 4:30,364
2024-09-11 4:40,379
2024-09-11 4:50,394
2024-09-11 5:00,411
2024-09-11 5:10,428
2024-09-11 5:20,445
2024-09-11 5:30,462
2024-09-11 5:40,479
2024-09-11 5:50,496
2024-09-11 6:00,513
2024-09-11 6:10,529
2024-09-11 6:20,545
2024-09-11 6:30,561
2024-09-11 6:40,575
2024-09-11 6:50,589
2024-09-11 7:00,602
2024-09-11 7:10,614
2024-09-11 7:20,625
2024-09-11 7:30,635
2024-09-11 7:40,644
2024-09-11 7:50,652
2024-09-11 8:00,659
2024-09-11 8:10,665
2024-09-11 8:20,669
2024-09-11 8:30,672
2024-09-11 8:40,673
2024-09-11 8:50,673
2024-09-11 9:00,672
2024-09-11 9:10,669
2024-09-11 9:20,664
2024-09-11 9:30,658
2024-09-11 9:40,651
2024-09-11 9:50,642
2024-09-11 10:00,632
2024-09-11 10:10,620
2024-09-11 10:20,607
2024-09-11 10:30,594
2024-09-11 10:40,579
2024-09-11 10:50,563
2024-09-11 11:00,547
2024-09-11 11:10,530
2024-09-11 11:20,513
2024-09-11 11:30,495
2024-09-11 11:40,477
2024-09-11 11:50,459
2024-09-11 12:00,442
2024-09-11 12:10,424
2024-09-11 12:20,406
2024-09-11 12:30,389
2024-09-11 12:40,372
2024-09-11 12:50,355
2024-09-11 13:00,339
2024-09-11 13:10,324
2024-09-11 13:20,309
2024-09-11 13:30,295
2024-09-11 13:40,282
2024-09-11 13:50,270
2024-09-11 14:00,259
2024-09-11 14:10,249
2024-09-11 14:20,241
2024-09-11 14:30,234
2024-09-11 14:40,228
2024-09-11 14:50,224
2024-09-11 15:00,222
2024-09-11 15:10,221
2024-09-11 15:20,222
2024-09-11 15:30,225
2024-09-11 15:40,230
2024-09-11 15:50,237
2024-09-11 16:00,245
2024-09-11 16:10,255
2024-09-11 16:20,267
2024-09-11 16:30,280
2024-09-11 16:40,295
2024-09-11 16:50,311
2024-09-11 17:00,327
2024-09-11 17:10,345
2024-09-11 17:20,363
2024-09-11 17:30,382
2024-09-11 17:40,402
2024-09-11 17:50,421
2024-09-11 18:00,441
2024-09-11 18:10,460
2024-09-11 18:20,480
2024-09-11 18:30,499
2024-09-11 18:40,518
2024-09-11 18:50,536
2024-09-11 19:00,554
2024-09-11 19:10,571
2024-09-11 19:20,587
2024-09-11 19:30,602
2024-09-11 19:40,617
2024-09-11 19:50,631
2024-09-11 20:00,643
2024-09-11 20:10,655
2024-09-11 20:20,666
2024-09-11 20:30,675
2024-09-11 20:40,683
2024-09-11 20:50,690
2024-09-11 21:00,696
2024-09-11 21:10,700
2024-09-11 21:20,702
2024-09-11 21:30,704
2024-09-11 21:40,704
2024-09-11 21:50,702
2024-09-11 22:00,699
2024-09-11 22:10,695
2024-09-11 22:20,690
2024-09-11 22:30,683
2024-09-11 22:40,675
2024-09-11 22:50,667
2024-09-11 23:00,657
2024-09-11 23:10,646
2024-09-11 23:20,635
2024-09-11 23:30,623
2024-09-11 23:40,611
2024-09-11 23:50,598
2024-09-12 0:00,585
2024-09-12 0:10,571
2024-09-12 0:20,558
2024-09-12 0:30,544
2024-09-12 0:40,530
2024-09-12 0:50,517
2024-09-12 1:00,503
2024-09-12 1:10,490
2024-09-12 1:20,477
2024-09-12 1:30,464
2024-09-12 1:40,452
2024-09-12 1:50,440
2024-09-12 2:00,429
2024-09-12 2:10,418
2024-09-12 2:20,408
2024-09-12 2:30,398
2024-09-12 2:40,390
2024-09-12 2:50,382
2024-09-12 3:00,376
2024-09-12 3:10,371
2024-09-12 3:20,366
2024-09-12 3:30,363
2024-09-12 3:40,361
2024-09-12 3:50,361
2024-09-12 4:00,361
2024-09-12 4:10,363
2024-09-12 4:20,366
2024-09-12 4:30,370
2024-09-12 4:40,376
2024-09-12 4:50,382
2024-09-12 5:00,389
2024-09-12 5:10,397
2024-09-12 5:20,406
2024-09-12 5:30,415
2024-09-12 5:40,425
2024-09-12 5:50,436
2024-09-12 6:00,446
2024-09-12 6:10,457
2024-09-12 6:20,468
2024-09-12 6:30,479
2024-09-12 6:40,490
2024-09-12 6:50,501
2024-09-12 7:00,511
2024-09-12 7:10,522
2024-09-12 7:20,531
2024-09-12 7:30,541
2024-09-12 7:40,550
2024-09-12 7:50,559
2024-09-12 8:00,567
2024-09-12 8:10,575
2024-09-12 8:20,581
2024-09-12 8:30,588
2024-09-12 8:40,593
2024-09-12 8:50,598
2024-09-12 9:00,601
2024-09-12 9:10,604
2024-09-12 9:20,606
2024-09-12 9:30,607
2024-09-12 9:40,607
2024-09-12 9:50,606
2024-09-12 10:00,604
2024-09-12 10:10,601
2024-09-12 10:20,597
2024-09-12 10:30,592
2024-09-12 10:40,586
2024-09-12 10:50,579
2024-09-12 11:00,571
2024-09-12 11:10,562
2024-09-12 11:20,553
2024-09-12 11:30,543
2024-09-12 11:40,532
2024-09-12 11:50,521
2024-09-12 12:00,509
2024-09-12 12:10,497
2024-09-12 12:20,485
2024-09-12 12:30,472
2024-09-12 12:40,459
2024-09-12 12:50,446
2024-09-12 13:00,433
2024-09-12 13:10,420
2024-09-12 13:20,407
2024-09-12 13:30,394
2024-09-12 13:40,382
2024-09-12 13:50,369
2024-09-12 14:00,357
2024-09-12 14:10,346
2024-09-12 14:20,335
2024-09-12 14:30,325
2024-09-12 14:40,315
2024-09-12 14:50,306
2024-09-12 15:00,299
2024-09-12 15:10,292
2024-09-12 15:20,286
2024-09-12 15:30,281
2024-09-12 15:40,277
2024-09-12 15:50,275
2024-09-12 16:00,273
2024-09-12 16:10,273
2024-09-12 16:20,275
2024-09-12 16:30,277
2024-09-12 16:40,281
2024-09-12 16:50,286
2024-09-12 17:00,292
2024-09-12 17:10,300
2024-09-12 17:20,308
2024-09-12 17:30,317
2024-09-12 17:40,328
2024-09-12 17:50,339
2024-09-12 18:00,351
2024-09-12 18:10,363
2024-09-12 18:20,377
2024-09-12 18:30,390
2024-09-12 18:40,404
2024-09-12 18:50,419
2024-09-12 19:00,433
2024-09-12 19:10,448
2024-09-12 19:20,463
2024-09-12 19:30,478
2024-09-12 19:40,493
2024-09-12 19:50,507
2024-09-12 20:00,522
2024-09-12 20:10,536
2024-09-12 20:20,549
2024-09-12 20:30,562
2024-09-12 20:40,575
2024-09-12 20:50,587
2024-09-12 21:00,598
2024-09-12 21:10,609
2024-09-12 21:20,619
2024-09-12 21:30,628
2024-09-12 21:40,636
2024-09-12 21:50,643
2024-09-12 22:00,649
2024-09-12 22:10,654
2024-09-12 22:20,659
2024-09-12 22:30,662
2024-09-12 22:40,664
2024-09-12 22:50,665
2024-09-12 23:00,665
2024-09-12 23:10,664
2024-09-12 23:20,662
2024-09-12 23:30,659
2024-09-12 23:40,656
2024-09-12 23:50,651
2024-09-13 0:00,646
2024-09-13 0:10,640
2024-09-13 0:20,634
2024-09-13 0:30,626
2024-09-13 0:40,619
2024-09-13 0:50,610
2024-09-13 1:00,602
2024-09-13 1:10,592
2024-09-13 1:20,583
2024-09-13 1:30,573
2024-09-13 1:40,563
2024-09-13 1:50,553
2024-09-13 2:00,543
2024-09-13 2:10,533
2024-09-13 2:20,523
2024-09-13 2:30,513
2024-09-13 2:40,503
2024-09-13 2:50,493
2024-09-13 3:00,484
2024-09-13 3:10,475
2024-09-13 3:20,466
2024-09-13 3:30,458
2024-09-13 3:40,450
2024-09-13 3:50,443
2024-09-13 4:00,436
2024-09-13 4:10,431
2024-09-13 4:20,425
2024-09-13 4:30,421
2024-09-13 4:40,417
2024-09-13 4:50,414
2024-09-13 5:00,411
2024-09-13 5:10,410
2024-09-13 5:20,409
2024-09-13 5:30,408
2024-09-13 5:40,408
2024-09-13 5:50,409
2024-09-13 6:00,411
2024-09-13 6:10,413
2024-09-13 6:20,416
2024-09-13 6:30,419
2024-09-13 6:40,423
2024-09-13 6:50,427
2024-09-13 7:00,431
2024-09-13 7:10,436
2024-09-13 7:20,442
2024-09-13 7:30,447
2024-09-13 7:40,453
2024-09-13 7:50,459
2024-09-13 8:00,466
2024-09-13 8:10,472
2024-09-13 8:20,479
2024-09-13 8:30,486
2024-09-13 8:40,492
2024-09-13 8:50,499
2024-09-13 9:00,505
2024-09-13 9:10,512
2024-09-13 9:20,518
2024-09-13 9:30,524
2024-09-13 9:40,529
2024-09-13 9:50,535
2024-09-13 10:00,539
2024-09-13 10:10,544
2024-09-13 10:20,548
2024-09-13 10:30,551
2024-09-13 10:40,554
2024-09-13 10:50,556
2024-09-13 11:00,557
2024-09-13 11:10,558
2024-09-13 11:20,559
2024-09-13 11:30,558
2024-09-13 11:40,557
2024-09-13 11:50,555
2024-09-13 12:00,552
2024-09-13 12:10,549
2024-09-13 12:20,545
2024-09-13 12:30,541
2024-09-13 12:40,535
2024-09-13 12:50,529
2024-09-13 13:00,523
2024-09-13 13:10,516
2024-09-13 13:20,508
2024-09-13 13:30,500
2024-09-13 13:40,491
2024-09-13 13:50,482
2024-09-13 14:00,472
2024-09-13 14:10,462
2024-09-13 14:20,452
2024-09-13 14:30,442
2024-09-13 14:40,431
2024-09-13 14:50,421
2024-09-13 15:00,410
2024-09-13 15:10,400
2024-09-13 15:20,389
2024-09-13 15:30,379
2024-09-13 15:40,369
2024-09-13 15:50,360
2024-09-13 16:00,351
2024-09-13 16:10,343
2024-09-13 16:20,335
2024-09-13 16:30,328
2024-09-13 16:40,322
2024-09-13 16:50,316
2024-09-13 17:00,311
2024-09-13 17:10,307
2024-09-13 17:20,304
2024-09-13 17:30,302
2024-09-13 17:40,301
2024-09-13 17:50,301
2024-09-13 18:00,301
2024-09-13 18:10,303
2024-09-13 18:20,306
2024-09-13 18:30,309
2024-09-13 18:40,314
2024-09-13 18:50,319
2024-09-13 19:00,326
2024-09-13 19:10,333
2024-09-13 19:20,341
2024-09-13 19:30,351
2024-09-13 19:40,360
2024-09-13 19:50,371
2024-09-13 20:00,382
2024-09-13 20:10,394
2024-09-13 20:20,407
2024-09-13 20:30,420
2024-09-13 20:40,433
2024-09-13 20:50,447
2024-09-13 21:00,461
2024-09-13 21:10,475
2024-09-13 21:20,489
2024-09-13 21:30,503
2024-09-13 21:40,517
2024-09-13 21:50,531
2024-09-13 22:00,544
2024-09-13 22:10,557
2024-09-13 22:20,570
2024-09-13 22:30,582
2024-09-13 22:40,594
2024-09-13 22:50,605
2024-09-13 23:00,616
2024-09-13 23:10,625
2024-09-13 23:20,634
2024-09-13 23:30,642
2024-09-13 23:40,650
2024-09-13 23:50,656
2024-09-14 0:00,661
2024-09-14 0:10,666
2024-09-14 0:20,670
2024-09-14 0:30,672
2024-09-14 0:40,674
2024-09-14 0:50,675
2024-09-14 1:00,675
2024-09-14 1:10,673
2024-09-14 1:20,671
2024-09-14 1:30,668
2024-09-14 1:40,665
2024-09-14 1:50,660
2024-09-14 2:00,655
2024-09-14 2:10,648
2024-09-14 2:20,641
2024-09-14 2:30,634
2024-09-14 2:40,625
2024-09-14 2:50,617
2024-09-14 3:00,607
2024-09-14 3:10,598
2024-09-14 3:20,587
2024-09-14 3:30,577
2024-09-14 3:40,566
2024-09-14 3:50,555
2024-09-14 4:00,544
2024-09-14 4:10,533
2024-09-14 4:20,522
2024-09-14 4:30,511
2024-09-14 4:40,500
2024-09-14 4:50,489
2024-09-14 5:00,479
2024-09-14 5:10,469
2024-09-14 5:20,458
2024-09-14 5:30,449
2024-09-14 5:40,440
2024-09-14 5:50,431
2024-09-14 6:00,422
2024-09-14 6:10,414
2024-09-14 6:20,407
2024-09-14 6:30,400
2024-09-14 6:40,394
2024-09-14 6:50,389
2024-09-14 7:00,384
2024-09-14 7:10,381
2024-09-14 7:20,378
2024-09-14 7:30,375
2024-09-14 7:40,374
2024-09-14 7:50,373
2024-09-14 8:00,374
2024-09-14 8:10,375
2024-09-14 8:20,377
2024-09-14 8:30,380
2024-09-14 8:40,384
2024-09-14 8:50,388
2024-09-14 9:00,394
2024-09-14 9:10,400
2024-09-14 9:20,407
2024-09-14 9:30,414
2024-09-14 9:40,422
2024-09-14 9:50,431
2024-09-14 10:00,439
2024-09-14 10:10,449
2024-09-14 10:20,458
2024-09-14 10:30,468
2024-09-14 10:40,478
2024-09-14 10:50,488
2024-09-14 11:00,498
2024-09-14 11:10,507
2024-09-14 11:20,517
2024-09-14 11:30,526
2024-09-14 11:40,535
2024-09-14 11:50,543
2024-09-14 12:00,551
2024-09-14 12:10,558
2024-09-14 12:20,565
2024-09-14 12:30,571
2024-09-14 12:40,576
2024-09-14 12:50,580
2024-09-14 13:00,583
2024-09-14 13:10,586
2024-09-14 13:20,587
2024-09-14 13:30,587
2024-09-14 13:40,587
2024-09-14 13:50,585
2024-09-14 14:00,582
2024-09-14 14:10,578
2024-09-14 14:20,573
2024-09-14 14:30,567
2024-09-14 14:40,560
2024-09-14 14:50,552
2024-09-14 15:00,543
2024-09-14 15:10,534
2024-09-14 15:20,523
2024-09-14 15:30,512
2024-09-14 15:40,499
2024-09-14 15:50,487
2024-09-14 16:00,474
2024-09-14 16:10,460
2024-09-14 16:20,447
2024-09-14 16:30,433
2024-09-14 16:40,419
2024-09-14 16:50,405
2024-09-14 17:00,391
2024-09-14 17:10,378
2024-09-14 17:20,364
2024-09-14 17:30,352
2024-09-14 17:40,339
2024-09-14 17:50,327
2024-09-14 18:00,316
2024-09-14 18:10,306
2024-09-14 18:20,297
2024-09-14 18:30,288
2024-09-14 18:40,280
2024-09-14 18:50,274
2024-09-14 19:00,268
2024-09-14 19:10,264
2024-09-14 19:20,261
2024-09-14 19:30,259
2024-09-14 19:40,259
2024-09-14 19:50,259
2024-09-14 20:00,262
2024-09-14 20:10,265
2024-09-14 20:20,271
2024-09-14 20:30,277
2024-09-14 20:40,285
2024-09-14 20:50,294
2024-09-14 21:00,305
2024-09-14 21:10,317
2024-09-14 21:20,330
2024-09-14 21:30,344
2024-09-14 21:40,359
2024-09-14 21:50,375
2024-09-14 22:00,392
2024-09-14 22:10,410
2024-09-14 22:20,428
2024-09-14 22:30,446
2024-09-14 22:40,465
2024-09-14 22:50,484
2024-09-14 23:00,503
2024-09-14 23:10,522
2024-09-14 23:20,541
2024-09-14 23:30,559
2024-09-14 23:40,577
2024-09-14 23:50,595
2024-09-15 0:00,612
2024-09-15 0:10,628
2024-09-15 0:20,643
2024-09-15 0:30,657
2024-09-15 0:40,671
2024-09-15 0:50,683
2024-09-15 1:00,694
2024-09-15 1:10,705
2024-09-15 1:20,713
2024-09-15 1:30,721
2024-09-15 1:40,727
2024-09-15 1:50,732
2024-09-15 2:00,736
2024-09-15 2:10,738
2024-09-15 2:20,739
2024-09-15 2:30,738
2024-09-15 2:40,736
2024-09-15 2:50,733
2024-09-15 3:00,728
2024-09-15 3:10,722
2024-09-15 3:20,714
2024-09-15 3:30,706
2024-09-15 3:40,696
2024-09-15 3:50,685
2024-09-15 4:00,673
2024-09-15 4:10,660
2024-09-15 4:20,646
2024-09-15 4:30,632
2024-09-15 4:40,617
2024-09-15 4:50,601
2024-09-15 5:00,585
2024-09-15 5:10,569
2024-09-15 5:20,552
2024-09-15 5:30,535
2024-09-15 5:40,518
2024-09-15 5:50,501
2024-09-15 6:00,484
2024-09-15 6:10,468
2024-09-15 6:20,451
2024-09-15 6:30,435
2024-09-15 6:40,419
2024-09-15 6:50,404
2024-09-15 7:00,389
2024-09-15 7:10,375
2024-09-15 7:20,362
2024-09-15 7:30,350
2024-09-15 7:40,338
2024-09-15 7:50,328
2024-09-15 8:00,318
2024-09-15 8:10,310
2024-09-15 8:20,303
2024-09-15 8:30,298
2024-09-15 8:40,294
2024-09-15 8:50,291
2024-09-15 9:00,290
2024-09-15 9:10,291
2024-09-15 9:20,293
2024-09-15 9:30,297
2024-09-15 9:40,302
2024-09-15 9:50,309
2024-09-15 10:00,317
2024-09-15 10:10,327
2024-09-15 10:20,338
2024-09-15 10:30,350
2024-09-15 10:40,363
2024-09-15 10:50,378
2024-09-15 11:00,393
2024-09-15 11:10,409
2024-09-15 11:20,425
2024-09-15 11:30,442
2024-09-15 11:40,459
2024-09-15 11:50,476
2024-09-15 12:00,493
2024-09-15 12:10,510
2024-09-15 12:20,527
2024-09-15 12:30,544
2024-09-15 12:40,560
2024-09-15 12:50,575
2024-09-15 13:00,590
2024-09-15 13:10,603
2024-09-15 13:20,616
2024-09-15 13:30,628
2024-09-15 13:40,638
2024-09-15 13:50,647
2024-09-15 14:00,655
2024-09-15 14:10,662
2024-09-15 14:20,667
2024-09-15 14:30,670
2024-09-15 14:40,672
2024-09-15 14:50,671
2024-09-15 15:00,670
2024-09-15 15:10,666
2024-09-15 15:20,661
2024-09-15 15:30,654
2024-09-15 15:40,645
2024-09-15 15:50,634
2024-09-15 16:00,622
2024-09-15 16:10,609
2024-09-15 16:20,594
2024-09-15 16:30,578
2024-09-15 16:40,561
2024-09-15 16:50,543
2024-09-15 17:00,524
2024-09-15 17:10,504
2024-09-15 17:20,484
2024-09-15 17:30,464
2024-09-15 17:40,443
2024-09-15 17:50,422
2024-09-15 18:00,402
2024-09-15 18:10,381
2024-09-15 18:20,361
2024-09-15 18:30,341
2024-09-15 18:40,322
2024-09-15 18:50,304
2024-09-15 19:00,286
2024-09-15 19:10,270
2024-09-15 19:20,254
2024-09-15 19:30,239
2024-09-15 19:40,226
2024-09-15 19:50,214
2024-09-15 20:00,204
2024-09-15 20:10,195
2024-09-15 20:20,187
2024-09-15 20:30,182
2024-09-15 20:40,178
2024-09-15 20:50,177
2024-09-15 21:00,177
2024-09-15 21:10,180
2024-09-15 21:20,184
2024-09-15 21:30,191
2024-09-15 21:40,200
2024-09-15 21:50,211
2024-09-15 22:00,224
2024-09-15 22:10,239
2024-09-15 22:20,256
2024-09-15 22:30,275
2024-09-15 22:40,295
2024-09-15 22:50,317
2024-09-15 23:00,340
2024-09-15 23:10,364
2024-09-15 23:20,389
2024-09-15 23:30,414
2024-09-15 23:40,440
2024-09-15 23:50,466
2024-09-16 0:00,492
2024-09-16 0:10,519
2024-09-16 0:20,544
2024-09-16 0:30,570
2024-09-16 0:40,595
2024-09-16 0:50,619
2024-09-16 1:00,642
2024-09-16 1:10,664
2024-09-16 1:20,685
2024-09-16 1:30,705
2024-09-16 1:40,723
2024-09-16 1:50,740
2024-09-16 2:00,756
2024-09-16 2:10,770
2024-09-16 2:20,782
2024-09-16 2:30,793
2024-09-16 2:40,802
2024-09-16 2:50,808
2024-09-16 3:00,813
2024-09-16 3:10,816
2024-09-16 3:20,817
2024-09-16 3:30,815
2024-09-16 3:40,812
2024-09-16 3:50,806
2024-09-16 4:00,799
2024-09-16 4:10,789
2024-09-16 4:20,778
2024-09-16 4:30,765
2024-09-16 4:40,750
2024-09-16 4:50,734
2024-09-16 5:00,716
2024-09-16 5:10,697
2024-09-16 5:20,677
2024-09-16 5:30,656
2024-09-16 5:40,634
2024-09-16 5:50,612
2024-09-16 6:00,589
2024-09-16 6:10,566
2024-09-16 6:20,543
2024-09-16 6:30,520
2024-09-16 6:40,496
2024-09-16 6:50,473
2024-09-16 7:00,450
2024-09-16 7:10,427
2024-09-16 7:20,405
2024-09-16 7:30,383
2024-09-16 7:40,362
2024-09-16 7:50,342
2024-09-16 8:00,322
2024-09-16 8:10,303
2024-09-16 8:20,286
2024-09-16 8:30,269
2024-09-16 8:40,254
2024-09-16 8:50,241
2024-09-16 9:00,229
2024-09-16 9:10,219
2024-09-16 9:20,211
2024-09-16 9:30,205
2024-09-16 9:40,202
2024-09-16 9:50,201
2024-09-16 10:00,202
2024-09-16 10:10,206
2024-09-16 10:20,212
2024-09-16 10:30,220
2024-09-16 10:40,231
2024-09-16 10:50,244
2024-09-16 11:00,259
2024-09-16 11:10,276
2024-09-16 11:20,294
2024-09-16 11:30,314
2024-09-16 11:40,336
2024-09-16 11:50,358
2024-09-16 12:00,382
2024-09-16 12:10,406
2024-09-16 12:20,431
2024-09-16 12:30,456
2024-09-16 12:40,481
2024-09-16 12:50,506
2024-09-16 13:00,530
2024-09-16 13:10,554
2024-09-16 13:20,578
2024-09-16 13:30,601
2024-09-16 13:40,623
2024-09-16 13:50,644
2024-09-16 14:00,663
2024-09-16 14:10,682
2024-09-16 14:20,699
2024-09-16 14:30,714
2024-09-16 14:40,728
2024-09-16 14:50,739
2024-09-16 15:00,749
2024-09-16 15:10,757
2024-09-16 15:20,762
2024-09-16 15:30,765
2024-09-16 15:40,766
2024-09-16 15:50,764
2024-09-16 16:00,760
2024-09-16 16:10,753
2024-09-16 16:20,744
2024-09-16 16:30,732
2024-09-16 16:40,718
2024-09-16 16:50,702
2024-09-16 17:00,684
2024-09-16 17:10,664
2024-09-16 17:20,643
2024-09-16 17:30,619
2024-09-16 17:40,595
2024-09-16 17:50,570
2024-09-16 18:00,544
2024-09-16 18:10,517
2024-09-16 18:20,490
2024-09-16 18:30,463
2024-09-16 18:40,435
2024-09-16 18:50,408
2024-09-16 19:00,381
2024-09-16 19:10,355
2024-09-16 19:20,329
2024-09-16 19:30,303
2024-09-16 19:40,279
2024-09-16 19:50,255
2024-09-16 20:00,233
2024-09-16 20:10,211
2024-09-16 20:20,191
2024-09-16 20:30,172
2024-09-16 20:40,155
2024-09-16 20:50,139
2024-09-16 21:00,125
2024-09-16 21:10,114
2024-09-16 21:20,105
2024-09-16 21:30,98
2024-09-16 21:40,94
2024-09-16 21:50,92
2024-09-16 22:00,94
2024-09-16 22:10,98
2024-09-16 22:20,105
2024-09-16 22:30,115
2024-09-16 22:40,129
2024-09-16 22:50,145
2024-09-16 23:00,163
2024-09-16 23:10,185
2024-09-16 23:20,208
2024-09-16 23:30,234
2024-09-16 23:40,262
2024-09-16 23:50,291
2024-09-17 0:00,322
2024-09-17 0:10,353
2024-09-17 0:20,386
2024-09-17 0:30,419
2024-09-17 0:40,452
2024-09-17 0:50,485
2024-09-17 1:00,518
2024-09-17 1:10,550
2024-09-17 1:20,582
2024-09-17 1:30,613
2024-09-17 1:40,642
2024-09-17 1:50,671
2024-09-17 2:00,699
2024-09-17 2:10,725
2024-09-17 2:20,749
2024-09-17 2:30,772
2024-09-17 2:40,794
2024-09-17 2:50,813
2024-09-17 3:00,830
2024-09-17 3:10,845
2024-09-17 3:20,858
2024-09-17 3:30,869
2024-09-17 3:40,877
2024-09-17 3:50,882
2024-09-17 4:00,885
2024-09-17 4:10,885
2024-09-17 4:20,882
2024-09-17 4:30,877
2024-09-17 4:40,868
2024-09-17 4:50,857
2024-09-17 5:00,844
2024-09-17 5:10,828
2024-09-17 5:20,810
2024-09-17 5:30,790
2024-09-17 5:40,768
2024-09-17 5:50,745
2024-09-17 6:00,720
2024-09-17 6:10,694
2024-09-17 6:20,667
2024-09-17 6:30,640
2024-09-17 6:40,612
2024-09-17 6:50,583
2024-09-17 7:00,555
2024-09-17 7:10,526
2024-09-17 7:20,497
2024-09-17 7:30,469
2024-09-17 7:40,441
2024-09-17 7:50,413
2024-09-17 8:00,385
2024-09-17 8:10,358
2024-09-17 8:20,332
2024-09-17 8:30,306
2024-09-17 8:40,281
2024-09-17 8:50,257
2024-09-17 9:00,234
2024-09-17 9:10,213
2024-09-17 9:20,193
2024-09-17 9:30,175
2024-09-17 9:40,159
2024-09-17 9:50,146
2024-09-17 10:00,135
2024-09-17 10:10,127
2024-09-17 10:20,121
2024-09-17 10:30,119
2024-09-17 10:40,120
2024-09-17 10:50,124
2024-09-17 11:00,131
2024-09-17 11:10,141
2024-09-17 11:20,155
2024-09-17 11:30,171
2024-09-17 11:40,191
2024-09-17 11:50,212
2024-09-17 12:00,236
2024-09-17 12:10,262
2024-09-17 12:20,290
2024-09-17 12:30,319
2024-09-17 12:40,349
2024-09-17 12:50,380
2024-09-17 13:00,412
2024-09-17 13:10,444
2024-09-17 13:20,475
2024-09-17 13:30,507
2024-09-17 13:40,538
2024-09-17 13:50,569
2024-09-17 14:00,599
2024-09-17 14:10,628
2024-09-17 14:20,656
2024-09-17 14:30,682
2024-09-17 14:40,708
2024-09-17 14:50,732
2024-09-17 15:00,754
2024-09-17 15:10,774
2024-09-17 15:20,792
2024-09-17 15:30,808
2024-09-17 15:40,822
2024-09-17 15:50,833
2024-09-17 16:00,842
2024-09-17 16:10,847
2024-09-17 16:20,850
2024-09-17 16:30,849
2024-09-17 16:40,846
2024-09-17 16:50,839
2024-09-17 17:00,829
2024-09-17 17:10,816
2024-09-17 17:20,800
2024-09-17 17:30,782
2024-09-17 17:40,761
2024-09-17 17:50,737
2024-09-17 18:00,712
2024-09-17 18:10,685
2024-09-17 18:20,656
2024-09-17 18:30,626
2024-09-17 18:40,595
2024-09-17 18:50,564
2024-09-17 19:00,532
2024-09-17 19:10,500
2024-09-17 19:20,467
2024-09-17 19:30,435
2024-09-17 19:40,403
2024-09-17 19:50,372
2024-09-17 20:00,341
2024-09-17 20:10,310
2024-09-17 20:20,280
2024-09-17 20:30,251
2024-09-17 20:40,223
2024-09-17 20:50,196
2024-09-17 21:00,170
2024-09-17 21:10,145
2024-09-17 21:20,122
2024-09-17 21:30,101
2024-09-17 21:40,82
2024-09-17 21:50,65
2024-09-17 22:00,51
2024-09-17 22:10,39
2024-09-17 22:20,31
2024-09-17 22:30,26
2024-09-17 22:40,24
2024-09-17 22:50,26
2024-09-17 23:00,32
2024-09-17 23:10,41
2024-09-17 23:20,54
2024-09-17 23:30,71
2024-09-17 23:40,91
2024-09-17 23:50,115
2024-09-18 0:00,141
2024-09-18 0:10,170
2024-09-18 0:20,202
2024-09-18 0:30,236
2024-09-18 0:40,271
2024-09-18 0:50,308
2024-09-18 1:00,345
2024-09-18 1:10,383
2024-09-18 1:20,422
2024-09-18 1:30,460
2024-09-18 1:40,498
2024-09-18 1:50,536
2024-09-18 2:00,572
2024-09-18 2:10,608
2024-09-18 2:20,643
2024-09-18 2:30,676
2024-09-18 2:40,708
2024-09-18 2:50,739
2024-09-18 3:00,768
2024-09-18 3:10,795
2024-09-18 3:20,820
2024-09-18 3:30,843
2024-09-18 3:40,864
2024-09-18 3:50,883
2024-09-18 4:00,898
2024-09-18 4:10,911
2024-09-18 4:20,921
2024-09-18 4:30,929
2024-09-18 4:40,932
2024-09-18 4:50,933
2024-09-18 5:00,930
2024-09-18 5:10,924
2024-09-18 5:20,915
2024-09-18 5:30,902
2024-09-18 5:40,887
2024-09-18 5:50,869
2024-09-18 6:00,848
2024-09-18 6:10,824
2024-09-18 6:20,799
2024-09-18 6:30,772
2024-09-18 6:40,743
2024-09-18 6:50,713
2024-09-18 7:00,683
2024-09-18 7:10,651
2024-09-18 7:20,619
2024-09-18 7:30,587
2024-09-18 7:40,554
2024-09-18 7:50,522
2024-09-18 8:00,490
2024-09-18 8:10,458
2024-09-18 8:20,426
2024-09-18 8:30,394
2024-09-18 8:40,363
2024-09-18 8:50,332
2024-09-18 9:00,302
2024-09-18 9:10,273
2024-09-18 9:20,244
2024-09-18 9:30,216
2024-09-18 9:40,190
2024-09-18 9:50,164
2024-09-18 10:00,141
2024-09-18 10:10,120
2024-09-18 10:20,101
2024-09-18 10:30,85
2024-09-18 10:40,71
2024-09-18 10:50,61
2024-09-18 11:00,55
2024-09-18 11:10,52
2024-09-18 11:20,53
2024-09-18 11:30,58
2024-09-18 11:40,67
2024-09-18 11:50,80
2024-09-18 12:00,96
2024-09-18 12:10,116
2024-09-18 12:20,139
2024-09-18 12:30,165
2024-09-18 12:40,194
2024-09-18 12:50,225
2024-09-18 13:00,258
2024-09-18 13:10,292
2024-09-18 13:20,328
2024-09-18 13:30,364
2024-09-18 13:40,401
2024-09-18 13:50,438
2024-09-18 14:00,475
2024-09-18 14:10,512
2024-09-18 14:20,548
2024-09-18 14:30,583
2024-09-18 14:40,617
2024-09-18 14:50,650
2024-09-18 15:00,682
2024-09-18 15:10,713
2024-09-18 15:20,742
2024-09-18 15:30,770
2024-09-18 15:40,796
2024-09-18 15:50,819
2024-09-18 16:00,841
2024-09-18 16:10,860
2024-09-18 16:20,877
2024-09-18 16:30,890
2024-09-18 16:40,901
2024-09-18 16:50,908
2024-09-18 17:00,912
2024-09-18 17:10,912
2024-09-18 17:20,909
2024-09-18 17:30,902
2024-09-18 17:40,892
2024-09-18 17:50,878
2024-09-18 18:00,861
2024-09-18 18:10,841
2024-09-18 18:20,818
2024-09-18 18:30,792
2024-09-18 18:40,765
2024-09-18 18:50,735
2024-09-18 19:00,703
2024-09-18 19:10,671
2024-09-18 19:20,637
2024-09-18 19:30,603
2024-09-18 19:40,568
2024-09-18 19:50,533
2024-09-18 20:00,498
2024-09-18 20:10,463
2024-09-18 20:20,428
2024-09-18 20:30,393
2024-09-18 20:40,359
2024-09-18 20:50,325
2024-09-18 21:00,292
2024-09-18 21:10,260
2024-09-18 21:20,228
2024-09-18 21:30,197
2024-09-18 21:40,167
2024-09-18 21:50,138
2024-09-18 22:00,110
2024-09-18 22:10,85
2024-09-18 22:20,61
2024-09-18 22:30,40
2024-09-18 22:40,22
2024-09-18 22:50,7
2024-09-18 23:00,-5
2024-09-18 23:10,-13
2024-09-18 23:20,-17
2024-09-18 23:30,-17
2024-09-18 23:40,-12
2024-09-18 23:50,-4
2024-09-19 0:00,9
2024-09-19 0:10,26
2024-09-19 0:20,48
2024-09-19 0:30,73
2024-09-19 0:40,101
2024-09-19 0:50,133
2024-09-19 1:00,167
2024-09-19 1:10,203
2024-09-19 1:20,241
2024-09-19 1:30,281
2024-09-19 1:40,322
2024-09-19 1:50,363
2024-09-19 2:00,405
2024-09-19 2:10,446
2024-09-19 2:20,487
2024-09-19 2:30,527
2024-09-19 2:40,567
2024-09-19 2:50,605
2024-09-19 3:00,642
2024-09-19 3:10,678
2024-09-19 3:20,712
2024-09-19 3:30,745
2024-09-19 3:40,776
2024-09-19 3:50,806
2024-09-19 4:00,833
2024-09-19 4:10,858
2024-09-19 4:20,880
2024-09-19 4:30,900
2024-09-19 4:40,918
2024-09-19 4:50,932
2024-09-19 5:00,943
2024-09-19 5:10,950
2024-09-19 5:20,955
2024-09-19 5:30,955
2024-09-19 5:40,952
2024-09-19 5:50,945
2024-09-19 6:00,935
2024-09-19 6:10,921
2024-09-19 6:20,904
2024-09-19 6:30,883
2024-09-19 6:40,860
2024-09-19 6:50,835
2024-09-19 7:00,807
2024-09-19 7:10,777
2024-09-19 7:20,746
2024-09-19 7:30,714
2024-09-19 7:40,681
2024-09-19 7:50,647
2024-09-19 8:00,612
2024-09-19 8:10,578
2024-09-19 8:20,544
2024-09-19 8:30,509
2024-09-19 8:40,475
2024-09-19 8:50,441
2024-09-19 9:00,407
2024-09-19 9:10,374
2024-09-19 9:20,341
2024-09-19 9:30,308
2024-09-19 9:40,275
2024-09-19 9:50,244
2024-09-19 10:00,213
2024-09-19 10:10,183
2024-09-19 10:20,154
2024-09-19 10:30,127
2024-09-19 10:40,101
2024-09-19 10:50,78
2024-09-19 11:00,58
2024-09-19 11:10,40
2024-09-19 11:20,26
2024-09-19 11:30,16
2024-09-19 11:40,9
2024-09-19 11:50,7
2024-09-19 12:00,8
2024-09-19 12:10,15
2024-09-19 12:20,25
2024-09-19 12:30,40
2024-09-19 12:40,59
2024-09-19 12:50,82
2024-09-19 13:00,109
2024-09-19 13:10,138
2024-09-19 13:20,171
2024-09-19 13:30,205
2024-09-19 13:40,242
2024-09-19 13:50,280
2024-09-19 14:00,319
2024-09-19 14:10,359
2024-09-19 14:20,399
2024-09-19 14:30,439
2024-09-19 14:40,479
2024-09-19 14:50,518
2024-09-19 15:00,556
2024-09-19 15:10,594
2024-09-19 15:20,631
2024-09-19 15:30,666
2024-09-19 15:40,700
2024-09-19 15:50,733
2024-09-19 16:00,764
2024-09-19 16:10,794
2024-09-19 16:20,821
2024-09-19 16:30,847
2024-09-19 16:40,870
2024-09-19 16:50,890
2024-09-19 17:00,908
2024-09-19 17:10,923
2024-09-19 17:20,935
2024-09-19 17:30,943
2024-09-19 17:40,947
2024-09-19 17:50,948
2024-09-19 18:00,945
2024-09-19 18:10,939
2024-09-19 18:20,928
2024-09-19 18:30,914
2024-09-19 18:40,897
2024-09-19 18:50,876
2024-09-19 19:00,852
2024-09-19 19:10,826
2024-09-19 19:20,797
2024-09-19 19:30,766
2024-09-19 19:40,734
2024-09-19 19:50,701
2024-09-19 20:00,666
2024-09-19 20:10,631
2024-09-19 20:20,596
2024-09-19 20:30,560
2024-09-19 20:40,524
2024-09-19 20:50,488
2024-09-19 21:00,452
2024-09-19 21:10,417
2024-09-19 21:20,382
2024-09-19 21:30,347
2024-09-19 21:40,312
2024-09-19 21:50,278
2024-09-19 22:00,244
2024-09-19 22:10,211
2024-09-19 22:20,179
2024-09-19 22:30,148
2024-09-19 22:40,118
2024-09-19 22:50,90
2024-09-19 23:00,64
2024-09-19 23:10,41
2024-09-19 23:20,20
2024-09-19 23:30,3
2024-09-19 23:40,-11
2024-09-19 23:50,-21
2024-09-20 0:00,-25
2024-09-20 0:10,-26
2024-09-20 0:20,-23
2024-09-20 0:30,-14
2024-09-20 0:40,-1
2024-09-20 0:50,16
2024-09-20 1:00,38
2024-09-20 1:10,63
2024-09-20 1:20,93
2024-09-20 1:30,125
2024-09-20 1:40,160
2024-09-20 1:50,197
2024-09-20 2:00,237
2024-09-20 2:10,277
2024-09-20 2:20,319
2024-09-20 2:30,361
2024-09-20 2:40,403
2024-09-20 2:50,444
2024-09-20 3:00,486
2024-09-20 3:10,526
2024-09-20 3:20,566
2024-09-20 3:30,604
2024-09-20 3:40,641
2024-09-20 3:50,677
2024-09-20 4:00,712
2024-09-20 4:10,744
2024-09-20 4:20,775
2024-09-20 4:30,804
2024-09-20 4:40,832
2024-09-20 4:50,856
2024-09-20 5:00,879
2024-09-20 5:10,898
2024-09-20 5:20,915
2024-09-20 5:30,929
2024-09-20 5:40,940
2024-09-20 5:50,947
2024-09-20 6:00,950
2024-09-20 6:10,950
2024-09-20 6:20,945
2024-09-20 6:30,937
2024-09-20 6:40,926
2024-09-20 6:50,911
2024-09-20 7:00,892
2024-09-20 7:10,871
2024-09-20 7:20,846
2024-09-20 7:30,819
2024-09-20 7:40,790
2024-09-20 7:50,760
2024-09-20 8:00,727
2024-09-20 8:10,694
2024-09-20 8:20,660
2024-09-20 8:30,626
2024-09-20 8:40,591
2024-09-20 8:50,556
2024-09-20 9:00,521
2024-09-20 9:10,486
2024-09-20 9:20,452
2024-09-20 9:30,417
2024-09-20 9:40,383
2024-09-20 9:50,350
2024-09-20 10:00,316
2024-09-20 10:10,283
2024-09-20 10:20,250
2024-09-20 10:30,218
2024-09-20 10:40,187
2024-09-20 10:50,157
2024-09-20 11:00,128
2024-09-20 11:10,100
2024-09-20 11:20,75
2024-09-20 11:30,52
2024-09-20 11:40,32
2024-09-20 11:50,15
2024-09-20 12:00,2
2024-09-20 12:10,-8
2024-09-20 12:20,-13
2024-09-20 12:30,-14
2024-09-20 12:40,-10
2024-09-20 12:50,-2
2024-09-20 13:00,11
2024-09-20 13:10,28
2024-09-20 13:20,49
2024-09-20 13:30,74
2024-09-20 13:40,103
2024-09-20 13:50,134
2024-09-20 14:00,169
2024-09-20 14:10,205
2024-09-20 14:20,244
2024-09-20 14:30,283
2024-09-20 14:40,324
2024-09-20 14:50,365
2024-09-20 15:00,406
2024-09-20 15:10,447
2024-09-20 15:20,487
2024-09-20 15:30,527
2024-09-20 15:40,565
2024-09-20 15:50,603
2024-09-20 16:00,640
2024-09-20 16:10,675
2024-09-20 16:20,710
2024-09-20 16:30,742
2024-09-20 16:40,773
2024-09-20 16:50,803
2024-09-20 17:00,830
2024-09-20 17:10,855
2024-09-20 17:20,878
2024-09-20 17:30,899
2024-09-20 17:40,917
2024-09-20 17:50,931
2024-09-20 18:00,943
2024-09-20 18:10,951
2024-09-20 18:20,956
2024-09-20 18:30,956
2024-09-20 18:40,953
2024-09-20 18:50,947
2024-09-20 19:00,936
2024-09-20 19:10,923
2024-09-20 19:20,905
2024-09-20 19:30,885
2024-09-20 19:40,862
2024-09-20 19:50,836
2024-09-20 20:00,808
2024-09-20 20:10,778
2024-09-20 20:20,747
2024-09-20 20:30,714
2024-09-20 20:40,681
2024-09-20 20:50,647
2024-09-20 21:00,612
2024-09-20 21:10,578
2024-09-20 21:20,543
2024-09-20 21:30,508
2024-09-20 21:40,473
2024-09-20 21:50,439
2024-09-20 22:00,404
2024-09-20 22:10,370
2024-09-20 22:20,335
2024-09-20 22:30,301
2024-09-20 22:40,268
2024-09-20 22:50,235
2024-09-20 23:00,203
2024-09-20 23:10,171
2024-09-20 23:20,142
2024-09-20 23:30,113
2024-09-20 23:40,87
2024-09-20 23:50,64
2024-09-21 0:00,43
2024-09-21 0:10,26
2024-09-21 0:20,12
2024-09-21 0:30,2
2024-09-21 0:40,-3
2024-09-21 0:50,-4
2024-09-21 1:00,-1
2024-09-21 1:10,8
2024-09-21 1:20,20
2024-09-21 1:30,37
2024-09-21 1:40,59
2024-09-21 1:50,84
2024-09-21 2:00,112
2024-09-21 2:10,144
2024-09-21 2:20,178
2024-09-21 2:30,214
2024-09-21 2:40,252
2024-09-21 2:50,291
2024-09-21 3:00,331
2024-09-21 3:10,372
2024-09-21 3:20,412
2024-09-21 3:30,452
2024-09-21 3:40,491
2024-09-21 3:50,529
2024-09-21 4:00,567
2024-09-21 4:10,603
2024-09-21 4:20,638
2024-09-21 4:30,672
2024-09-21 4:40,704
2024-09-21 4:50,735
2024-09-21 5:00,764
2024-09-21 5:10,791
2024-09-21 5:20,816
2024-09-21 5:30,839
2024-09-21 5:40,860
2024-09-21 5:50,878
2024-09-21 6:00,893
2024-09-21 6:10,905
2024-09-21 6:20,914
2024-09-21 6:30,920
2024-09-21 6:40,922
2024-09-21 6:50,920
2024-09-21 7:00,915
2024-09-21 7:10,906
2024-09-21 7:20,893
2024-09-21 7:30,878
2024-09-21 7:40,859
2024-09-21 7:50,837
2024-09-21 8:00,812
2024-09-21 8:10,785
2024-09-21 8:20,757
2024-09-21 8:30,726
2024-09-21 8:40,694
2024-09-21 8:50,662
2024-09-21 9:00,629
2024-09-21 9:10,595
2024-09-21 9:20,561
2024-09-21 9:30,527
2024-09-21 9:40,493
2024-09-21 9:50,459
2024-09-21 10:00,426
2024-09-21 10:10,393
2024-09-21 10:20,360
2024-09-21 10:30,327
2024-09-21 10:40,295
2024-09-21 10:50,263
2024-09-21 11:00,231
2024-09-21 11:10,201
2024-09-21 11:20,171
2024-09-21 11:30,142
2024-09-21 11:40,115
2024-09-21 11:50,90
2024-09-21 12:00,66
2024-09-21 12:10,45
2024-09-21 12:20,27
2024-09-21 12:30,13
2024-09-21 12:40,1
2024-09-21 12:50,-6
2024-09-21 13:00,-9
2024-09-21 13:10,-8
2024-09-21 13:20,-2
2024-09-21 13:30,8
2024-09-21 13:40,22
2024-09-21 13:50,41
2024-09-21 14:00,63
2024-09-21 14:10,89
2024-09-21 14:20,118
2024-09-21 14:30,150
2024-09-21 14:40,185
2024-09-21 14:50,221
2024-09-21 15:00,259
2024-09-21 15:10,298
2024-09-21 15:20,338
2024-09-21 15:30,377
2024-09-21 15:40,417
2024-09-21 15:50,457
2024-09-21 16:00,495
2024-09-21 16:10,534
2024-09-21 16:20,571
2024-09-21 16:30,607
2024-09-21 16:40,642
2024-09-21 16:50,676
2024-09-21 17:00,708
2024-09-21 17:10,739
2024-09-21 17:20,768
2024-09-21 17:30,796
2024-09-21 17:40,822
2024-09-21 17:50,846
2024-09-21 18:00,867
2024-09-21 18:10,886
2024-09-21 18:20,903
2024-09-21 18:30,916
2024-09-21 18:40,927
2024-09-21 18:50,934
2024-09-21 19:00,938
2024-09-21 19:10,939
2024-09-21 19:20,936
2024-09-21 19:30,930
2024-09-21 19:40,920
2024-09-21 19:50,907
2024-09-21 20:00,891
2024-09-21 20:10,872
2024-09-21 20:20,850
2024-09-21 20:30,826
2024-09-21 20:40,800
2024-09-21 20:50,773
2024-09-21 21:00,744
2024-09-21 21:10,714
2024-09-21 21:20,683
2024-09-21 21:30,651
2024-09-21 21:40,619
2024-09-21 21:50,587
2024-09-21 22:00,555
2024-09-21 22:10,522
2024-09-21 22:20,490
2024-09-21 22:30,458
2024-09-21 22:40,425
2024-09-21 22:50,393
2024-09-21 23:00,361
2024-09-21 23:10,329
2024-09-21 23:20,297
2024-09-21 23:30,266
2024-09-21 23:40,236
2024-09-21 23:50,207
2024-09-22 0:00,179
2024-09-22 0:10,153
2024-09-22 0:20,129
2024-09-22 0:30,107
2024-09-22 0:40,88
2024-09-22 0:50,72
2024-09-22 1:00,60
2024-09-22 1:10,51
2024-09-22 1:20,47
2024-09-22 1:30,46
2024-09-22 1:40,50
2024-09-22 1:50,58
2024-09-22 2:00,70
2024-09-22 2:10,86
2024-09-22 2:20,106
2024-09-22 2:30,130
2024-09-22 2:40,156
2024-09-22 2:50,185
2024-09-22 3:00,216
2024-09-22 3:10,250
2024-09-22 3:20,284
2024-09-22 3:30,320
2024-09-22 3:40,356
2024-09-22 3:50,392
2024-09-22 4:00,428
2024-09-22 4:10,464
2024-09-22 4:20,500
2024-09-22 4:30,534
2024-09-22 4:40,568
2024-09-22 4:50,600
2024-09-22 5:00,631
2024-09-22 5:10,661
2024-09-22 5:20,690
2024-09-22 5:30,717
2024-09-22 5:40,742
2024-09-22 5:50,766
2024-09-22 6:00,788
2024-09-22 6:10,808
2024-09-22 6:20,825
2024-09-22 6:30,840
2024-09-22 6:40,853
2024-09-22 6:50,862
2024-09-22 7:00,869
2024-09-22 7:10,872
2024-09-22 7:20,873
2024-09-22 7:30,870
2024-09-22 7:40,863
2024-09-22 7:50,854
2024-09-22 8:00,841
2024-09-22 8:10,825
2024-09-22 8:20,807
2024-09-22 8:30,786
2024-09-22 8:40,762
2024-09-22 8:50,737
2024-09-22 9:00,709
2024-09-22 9:10,681
2024-09-22 9:20,651
2024-09-22 9:30,620
2024-09-22 9:40,589
2024-09-22 9:50,558
2024-09-22 10:00,526
2024-09-22 10:10,494
2024-09-22 10:20,463
2024-09-22 10:30,432
2024-09-22 10:40,400
2024-09-22 10:50,370
2024-09-22 11:00,339
2024-09-22 11:10,309
2024-09-22 11:20,279
2024-09-22 11:30,250
2024-09-22 11:40,222
2024-09-22 11:50,194
2024-09-22 12:00,168
2024-09-22 12:10,142
2024-09-22 12:20,119
2024-09-22 12:30,97
2024-09-22 12:40,77
2024-09-22 12:50,60
2024-09-22 13:00,45
2024-09-22 13:10,34
2024-09-22 13:20,26
2024-09-22 13:30,21
2024-09-22 13:40,21
2024-09-22 13:50,24
2024-09-22 14:00,32
2024-09-22 14:10,43
2024-09-22 14:20,58
2024-09-22 14:30,77
2024-09-22 14:40,99
2024-09-22 14:50,124
2024-09-22 15:00,152
2024-09-22 15:10,183
2024-09-22 15:20,215
2024-09-22 15:30,249
2024-09-22 15:40,284
2024-09-22 15:50,320
2024-09-22 16:00,357
2024-09-22 16:10,394
2024-09-22 16:20,430
2024-09-22 16:30,466
2024-09-22 16:40,502
2024-09-22 16:50,536
2024-09-22 17:00,570
2024-09-22 17:10,603
2024-09-22 17:20,635
2024-09-22 17:30,665
2024-09-22 17:40,694
2024-09-22 17:50,722
2024-09-22 18:00,749
2024-09-22 18:10,773
2024-09-22 18:20,797
2024-09-22 18:30,818
2024-09-22 18:40,837
2024-09-22 18:50,854
2024-09-22 19:00,868
2024-09-22 19:10,880
2024-09-22 19:20,889
2024-09-22 19:30,895
2024-09-22 19:40,899
2024-09-22 19:50,899
2024-09-22 20:00,896
2024-09-22 20:10,891
2024-09-22 20:20,882
2024-09-22 20:30,870
2024-09-22 20:40,856
2024-09-22 20:50,839
2024-09-22 21:00,820
2024-09-22 21:10,800
2024-09-22 21:20,777
2024-09-22 21:30,753
2024-09-22 21:40,727
2024-09-22 21:50,701
2024-09-22 22:00,674
2024-09-22 22:10,646
2024-09-22 22:20,618
2024-09-22 22:30,590
2024-09-22 22:40,561
2024-09-22 22:50,532
2024-09-22 23:00,504
2024-09-22 23:10,475
2024-09-22 23:20,446
2024-09-22 23:30,417
2024-09-22 23:40,389
2024-09-22 23:50,361
2024-09-23 0:00,333
2024-09-23 0:10,305
2024-09-23 0:20,279
2024-09-23 0:30,254
2024-09-23 0:40,229
2024-09-23 0:50,207
2024-09-23 1:00,186
2024-09-23 1:10,168
2024-09-23 1:20,152
2024-09-23 1:30,139
2024-09-23 1:40,129
2024-09-23 1:50,122
2024-09-23 2:00,118
2024-09-23 2:10,119
2024-09-23 2:20,122
2024-09-23 2:30,130
2024-09-23 2:40,141
2024-09-23 2:50,155
2024-09-23 3:00,172
2024-09-23 3:10,192
2024-09-23 3:20,215
2024-09-23 3:30,240
2024-09-23 3:40,266
2024-09-23 3:50,295
2024-09-23 4:00,324
2024-09-23 4:10,354
2024-09-23 4:20,384
2024-09-23 4:30,415
2024-09-23 4:40,446
2024-09-23 4:50,476
2024-09-23 5:00,506
2024-09-23 5:10,535
2024-09-23 5:20,563
2024-09-23 5:30,590
2024-09-23 5:40,616
2024-09-23 5:50,641
2024-09-23 6:00,665
2024-09-23 6:10,687
2024-09-23 6:20,708
2024-09-23 6:30,728
2024-09-23 6:40,745
2024-09-23 6:50,761
2024-09-23 7:00,775
2024-09-23 7:10,787
2024-09-23 7:20,796
2024-09-23 7:30,803
2024-09-23 7:40,807
2024-09-23 7:50,809
2024-09-23 8:00,808
2024-09-23 8:10,804
2024-09-23 8:20,797
2024-09-23 8:30,787
2024-09-23 8:40,775
2024-09-23 8:50,761
2024-09-23 9:00,744
2024-09-23 9:10,725
2024-09-23 9:20,703
2024-09-23 9:30,681
2024-09-23 9:40,656
2024-09-23 9:50,631
2024-09-23 10:00,605
2024-09-23 10:10,578
2024-09-23 10:20,550
2024-09-23 10:30,522
2024-09-23 10:40,494
2024-09-23 10:50,466
2024-09-23 11:00,439
2024-09-23 11:10,411
2024-09-23 11:20,383
2024-09-23 11:30,356
2024-09-23 11:40,330
2024-09-23 11:50,303
2024-09-23 12:00,278
2024-09-23 12:10,253
2024-09-23 12:20,229
2024-09-23 12:30,205
2024-09-23 12:40,183
2024-09-23 12:50,163
2024-09-23 13:00,143
2024-09-23 13:10,126
2024-09-23 13:20,110
2024-09-23 13:30,97
2024-09-23 13:40,87
2024-09-23 13:50,79
2024-09-23 14:00,74
2024-09-23 14:10,72
2024-09-23 14:20,74
2024-09-23 14:30,79
2024-09-23 14:40,87
2024-09-23 14:50,98
2024-09-23 15:00,112
2024-09-23 15:10,130
2024-09-23 15:20,150
2024-09-23 15:30,172
2024-09-23 15:40,197
2024-09-23 15:50,224
2024-09-23 16:00,252
2024-09-23 16:10,282
2024-09-23 16:20,312
2024-09-23 16:30,343
2024-09-23 16:40,375
2024-09-23 16:50,406
2024-09-23 17:00,438
2024-09-23 17:10,469
2024-09-23 17:20,499
2024-09-23 17:30,529
2024-09-23 17:40,558
2024-09-23 17:50,587
2024-09-23 18:00,614
2024-09-23 18:10,641
2024-09-23 18:20,666
2024-09-23 18:30,690
2024-09-23 18:40,712
2024-09-23 18:50,734
2024-09-23 19:00,753
2024-09-23 19:10,771
2024-09-23 19:20,788
2024-09-23 19:30,802
2024-09-23 19:40,814
2024-09-23 19:50,824
2024-09-23 20:00,832
2024-09-23 20:10,838
2024-09-23 20:20,841
2024-09-23 20:30,841
2024-09-23 20:40,839
2024-09-23 20:50,835
2024-09-23 21:00,828
2024-09-23 21:10,819
2024-09-23 21:20,808
2024-09-23 21:30,794
2024-09-23 21:40,779
2024-09-23 21:50,762
2024-09-23 22:00,744
2024-09-23 22:10,725
2024-09-23 22:20,704
2024-09-23 22:30,683
2024-09-23 22:40,661
2024-09-23 22:50,638
2024-09-23 23:00,615
2024-09-23 23:10,591
2024-09-23 23:20,567
2024-09-23 23:30,543
2024-09-23 23:40,519
2024-09-23 23:50,495
2024-09-24 0:00,471
2024-09-24 0:10,447
2024-09-24 0:20,423
2024-09-24 0:30,400
2024-09-24 0:40,377
2024-09-24 0:50,354
2024-09-24 1:00,333
2024-09-24 1:10,312
2024-09-24 1:20,293
2024-09-24 1:30,275
2024-09-24 1:40,258
2024-09-24 1:50,243
2024-09-24 2:00,231
2024-09-24 2:10,221
2024-09-24 2:20,213
2024-09-24 2:30,207
2024-09-24 2:40,205
2024-09-24 2:50,205
2024-09-24 3:00,208
2024-09-24 3:10,213
2024-09-24 3:20,222
2024-09-24 3:30,232
2024-09-24 3:40,246
2024-09-24 3:50,261
2024-09-24 4:00,278
2024-09-24 4:10,297
2024-09-24 4:20,317
2024-09-24 4:30,339
2024-09-24 4:40,361
2024-09-24 4:50,384
2024-09-24 5:00,408
2024-09-24 5:10,431
2024-09-24 5:20,455
2024-09-24 5:30,478
2024-09-24 5:40,501
2024-09-24 5:50,524
2024-09-24 6:00,546
2024-09-24 6:10,567
2024-09-24 6:20,588
2024-09-24 6:30,607
2024-09-24 6:40,626
2024-09-24 6:50,643
2024-09-24 7:00,659
2024-09-24 7:10,674
2024-09-24 7:20,688
2024-09-24 7:30,700
2024-09-24 7:40,710
2024-09-24 7:50,719
2024-09-24 8:00,725
2024-09-24 8:10,730
2024-09-24 8:20,733
2024-09-24 8:30,733
2024-09-24 8:40,732
2024-09-24 8:50,728
2024-09-24 9:00,722
2024-09-24 9:10,714
2024-09-24 9:20,704
2024-09-24 9:30,692
2024-09-24 9:40,678
2024-09-24 9:50,662
2024-09-24 10:00,645
2024-09-24 10:10,627
2024-09-24 10:20,607
2024-09-24 10:30,587
2024-09-24 10:40,565
2024-09-24 10:50,543
2024-09-24 11:00,521
2024-09-24 11:10,498
2024-09-24 11:20,475
2024-09-24 11:30,452
2024-09-24 11:40,429
2024-09-24 11:50,406
2024-09-24 12:00,384
2024-09-24 12:10,362
2024-09-24 12:20,340
2024-09-24 12:30,318
2024-09-24 12:40,297
2024-09-24 12:50,277
2024-09-24 13:00,258
2024-09-24 13:10,240
2024-09-24 13:20,222
2024-09-24 13:30,206
2024-09-24 13:40,192
2024-09-24 13:50,179
2024-09-24 14:00,168
2024-09-24 14:10,158
2024-09-24 14:20,151
2024-09-24 14:30,146
2024-09-24 14:40,143
2024-09-24 14:50,142
2024-09-24 15:00,144
2024-09-24 15:10,149
2024-09-24 15:20,156
2024-09-24 15:30,165
2024-09-24 15:40,177
2024-09-24 15:50,191
2024-09-24 16:00,206
2024-09-24 16:10,224
2024-09-24 16:20,244
2024-09-24 16:30,264
2024-09-24 16:40,286
2024-09-24 16:50,309
2024-09-24 17:00,333
2024-09-24 17:10,358
2024-09-24 17:20,383
2024-09-24 17:30,408
2024-09-24 17:40,433
2024-09-24 17:50,458
2024-09-24 18:00,482
2024-09-24 18:10,507
2024-09-24 18:20,530
2024-09-24 18:30,554
2024-09-24 18:40,576
2024-09-24 18:50,598
2024-09-24 19:00,619
2024-09-24 19:10,638
2024-09-24 19:20,657
2024-09-24 19:30,675
2024-09-24 19:40,692
2024-09-24 19:50,707
2024-09-24 20:00,720
2024-09-24 20:10,733
2024-09-24 20:20,743
2024-09-24 20:30,752
2024-09-24 20:40,760
2024-09-24 20:50,765
2024-09-24 21:00,769
2024-09-24 21:10,770
2024-09-24 21:20,770
2024-09-24 21:30,768
2024-09-24 21:40,765
2024-09-24 21:50,759
2024-09-24 22:00,752
2024-09-24 22:10,743
2024-09-24 22:20,733
2024-09-24 22:30,722
2024-09-24 22:40,709
2024-09-24 22:50,696
2024-09-24 23:00,681
2024-09-24 23:10,666
2024-09-24 23:20,649
2024-09-24 23:30,633
2024-09-24 23:40,615
2024-09-24 23:50,598
2024-09-25 0:00,579
2024-09-25 0:10,561
2024-09-25 0:20,543
2024-09-25 0:30,524
2024-09-25 0:40,506
2024-09-25 0:50,487
2024-09-25 1:00,469
2024-09-25 1:10,451
2024-09-25 1:20,433
2024-09-25 1:30,416
2024-09-25 1:40,399
2024-09-25 1:50,383
2024-09-25 2:00,368
2024-09-25 2:10,354
2024-09-25 2:20,341
2024-09-25 2:30,330
2024-09-25 2:40,320
2024-09-25 2:50,311
2024-09-25 3:00,305
2024-09-25 3:10,300
2024-09-25 3:20,297
2024-09-25 3:30,295
2024-09-25 3:40,296
2024-09-25 3:50,298
2024-09-25 4:00,302
2024-09-25 4:10,308
2024-09-25 4:20,315
2024-09-25 4:30,324
2024-09-25 4:40,335
2024-09-25 4:50,346
2024-09-25 5:00,359
2024-09-25 5:10,372
2024-09-25 5:20,387
2024-09-25 5:30,402
2024-09-25 5:40,417
2024-09-25 5:50,433
2024-09-25 6:00,449
2024-09-25 6:10,465
2024-09-25 6:20,481
2024-09-25 6:30,497
2024-09-25 6:40,512
2024-09-25 6:50,527
2024-09-25 7:00,542
2024-09-25 7:10,556
2024-09-25 7:20,570
2024-09-25 7:30,583
2024-09-25 7:40,595
2024-09-25 7:50,606
2024-09-25 8:00,616
2024-09-25 8:10,625
2024-09-25 8:20,633
2024-09-25 8:30,639
2024-09-25 8:40,644
2024-09-25 8:50,648
2024-09-25 9:00,651
2024-09-25 9:10,652
2024-09-25 9:20,651
2024-09-25 9:30,649
2024-09-25 9:40,646
2024-09-25 9:50,641
2024-09-25 10:00,635
2024-09-25 10:10,627
2024-09-25 10:20,618
2024-09-25 10:30,608
2024-09-25 10:40,596
2024-09-25 10:50,584
2024-09-25 11:00,570
2024-09-25 11:10,556
2024-09-25 11:20,541
2024-09-25 11:30,526
2024-09-25 11:40,510
2024-09-25 11:50,493
2024-09-25 12:00,476
2024-09-25 12:10,459
2024-09-25 12:20,442
2024-09-25 12:30,425
2024-09-25 12:40,408
2024-09-25 12:50,392
2024-09-25 13:00,375
2024-09-25 13:10,359
2024-09-25 13:20,343
2024-09-25 13:30,328
2024-09-25 13:40,313
2024-09-25 13:50,300
2024-09-25 14:00,287
2024-09-25 14:10,275
2024-09-25 14:20,264
2024-09-25 14:30,254
2024-09-25 14:40,245
2024-09-25 14:50,238
2024-09-25 15:00,232
2024-09-25 15:10,228
2024-09-25 15:20,225
2024-09-25 15:30,224
2024-09-25 15:40,224
2024-09-25 15:50,226
2024-09-25 16:00,230
2024-09-25 16:10,235
2024-09-25 16:20,241
2024-09-25 16:30,250
2024-09-25 16:40,259
2024-09-25 16:50,270
2024-09-25 17:00,283
2024-09-25 17:10,296
2024-09-25 17:20,310
2024-09-25 17:30,325
2024-09-25 17:40,341
2024-09-25 17:50,358
2024-09-25 18:00,375
2024-09-25 18:10,393
2024-09-25 18:20,411
2024-09-25 18:30,429
2024-09-25 18:40,447
2024-09-25 18:50,465
2024-09-25 19:00,483
2024-09-25 19:10,501
2024-09-25 19:20,518
2024-09-25 19:30,536
2024-09-25 19:40,552
2024-09-25 19:50,568
2024-09-25 20:00,584
2024-09-25 20:10,599
2024-09-25 20:20,613
2024-09-25 20:30,626
2024-09-25 20:40,638
2024-09-25 20:50,650
2024-09-25 21:00,660
2024-09-25 21:10,669
2024-09-25 21:20,677
2024-09-25 21:30,684
2024-09-25 21:40,690
2024-09-25 21:50,694
2024-09-25 22:00,697
2024-09-25 22:10,699
2024-09-25 22:20,700
2024-09-25 22:30,699
2024-09-25 22:40,697
2024-09-25 22:50,695
2024-09-25 23:00,691
2024-09-25 23:10,686
2024-09-25 23:20,680
2024-09-25 23:30,673
2024-09-25 23:40,665
2024-09-25 23:50,656
2024-09-26 0:00,647
2024-09-26 0:10,637
2024-09-26 0:20,626
2024-09-26 0:30,615
2024-09-26 0:40,603
2024-09-26 0:50,591
2024-09-26 1:00,578
2024-09-26 1:10,566
2024-09-26 1:20,553
2024-09-26 1:30,540
2024-09-26 1:40,527
2024-09-26 1:50,513
2024-09-26 2:00,500
2024-09-26 2:10,488
2024-09-26 2:20,475
2024-09-26 2:30,463
2024-09-26 2:40,451
2024-09-26 2:50,440
2024-09-26 3:00,430
2024-09-26 3:10,420
2024-09-26 3:20,411
2024-09-26 3:30,403
2024-09-26 3:40,395
2024-09-26 3:50,389
2024-09-26 4:00,383
2024-09-26 4:10,379
2024-09-26 4:20,375
2024-09-26 4:30,373
2024-09-26 4:40,371
2024-09-26 4:50,371
2024-09-26 5:00,372
2024-09-26 5:10,373
2024-09-26 5:20,376
2024-09-26 5:30,379
2024-09-26 5:40,383
2024-09-26 5:50,389
2024-09-26 6:00,394
2024-09-26 6:10,401
2024-09-26 6:20,408
2024-09-26 6:30,416
2024-09-26 6:40,424
2024-09-26 6:50,433
2024-09-26 7:00,442
2024-09-26 7:10,451
2024-09-26 7:20,461
2024-09-26 7:30,470
2024-09-26 7:40,480
2024-09-26 7:50,489
2024-09-26 8:00,499
2024-09-26 8:10,508
2024-09-26 8:20,517
2024-09-26 8:30,525
2024-09-26 8:40,533
2024-09-26 8:50,541
2024-09-26 9:00,548
2024-09-26 9:10,554
2024-09-26 9:20,560
2024-09-26 9:30,565
2024-09-26 9:40,569
2024-09-26 9:50,572
2024-09-26 10:00,575
2024-09-26 10:10,577
2024-09-26 10:20,577
2024-09-26 10:30,577
2024-09-26 10:40,576
2024-09-26 10:50,574
2024-09-26 11:00,572
2024-09-26 11:10,568
2024-09-26 11:20,564
2024-09-26 11:30,558
2024-09-26 11:40,552
2024-09-26 11:50,546
2024-09-26 12:00,538
2024-09-26 12:10,530
2024-09-26 12:20,521
2024-09-26 12:30,512
2024-09-26 12:40,502
2024-09-26 12:50,492
2024-09-26 13:00,481
2024-09-26 13:10,470
2024-09-26 13:20,459
2024-09-26 13:30,448
2024-09-26 13:40,437
2024-09-26 13:50,425
2024-09-26 14:00,414
2024-09-26 14:10,403
2024-09-26 14:20,392
2024-09-26 14:30,381
2024-09-26 14:40,371
2024-09-26 14:50,361
2024-09-26 15:00,352
2024-09-26 15:10,343
2024-09-26 15:20,335
2024-09-26 15:30,328
2024-09-26 15:40,321
2024-09-26 15:50,315
2024-09-26 16:00,310
2024-09-26 16:10,306
2024-09-26 16:20,302
2024-09-26 16:30,299
2024-09-26 16:40,298
2024-09-26 16:50,297
2024-09-26 17:00,297
2024-09-26 17:10,298
2024-09-26 17:20,300
2024-09-26 17:30,303
2024-09-26 17:40,307
2024-09-26 17:50,312
2024-09-26 18:00,318
2024-09-26 18:10,325
2024-09-26 18:20,332
2024-09-26 18:30,341
2024-09-26 18:40,350
2024-09-26 18:50,360
2024-09-26 19:00,370
2024-09-26 19:10,382
2024-09-26 19:20,393
2024-09-26 19:30,406
2024-09-26 19:40,418
2024-09-26 19:50,431
2024-09-26 20:00,444
2024-09-26 20:10,457
2024-09-26 20:20,471
2024-09-26 20:30,484
2024-09-26 20:40,497
2024-09-26 20:50,511
2024-09-26 21:00,524
2024-09-26 21:10,536
2024-09-26 21:20,548
2024-09-26 21:30,560
2024-09-26 21:40,572
2024-09-26 21:50,583
2024-09-26 22:00,593
2024-09-26 22:10,603
2024-09-26 22:20,612
2024-09-26 22:30,620
2024-09-26 22:40,628
2024-09-26 22:50,635
2024-09-26 23:00,641
2024-09-26 23:10,647
2024-09-26 23:20,651
2024-09-26 23:30,655
2024-09-26 23:40,658
2024-09-26 23:50,660
2024-09-27 0:00,661
2024-09-27 0:10,661
2024-09-27 0:20,661
2024-09-27 0:30,659
2024-09-27 0:40,657
2024-09-27 0:50,654
2024-09-27 1:00,650
2024-09-27 1:10,645
2024-09-27 1:20,639
2024-09-27 1:30,633
2024-09-27 1:40,626
2024-09-27 1:50,619
2024-09-27 2:00,611
2024-09-27 2:10,603
2024-09-27 2:20,594
2024-09-27 2:30,585
2024-09-27 2:40,575
2024-09-27 2:50,565
2024-09-27 3:00,555
2024-09-27 3:10,545
2024-09-27 3:20,535
2024-09-27 3:30,525
2024-09-27 3:40,514
2024-09-27 3:50,504
2024-09-27 4:00,494
2024-09-27 4:10,484
2024-09-27 4:20,474
2024-09-27 4:30,464
2024-09-27 4:40,455
2024-09-27 4:50,446
2024-09-27 5:00,437
2024-09-27 5:10,429
2024-09-27 5:20,421
2024-09-27 5:30,414
2024-09-27 5:40,407
2024-09-27 5:50,401
2024-09-27 6:00,396
2024-09-27 6:10,391
2024-09-27 6:20,388
2024-09-27 6:30,385
2024-09-27 6:40,382
2024-09-27 6:50,381
2024-09-27 7:00,381
2024-09-27 7:10,381
2024-09-27 7:20,382
2024-09-27 7:30,384
2024-09-27 7:40,387
2024-09-27 7:50,391
2024-09-27 8:00,395
2024-09-27 8:10,400
2024-09-27 8:20,405
2024-09-27 8:30,412
2024-09-27 8:40,418
2024-09-27 8:50,425
2024-09-27 9:00,433
2024-09-27 9:10,440
2024-09-27 9:20,448
2024-09-27 9:30,456
2024-09-27 9:40,464
2024-09-27 9:50,472
2024-09-27 10:00,480
2024-09-27 10:10,488
2024-09-27 10:20,496
2024-09-27 10:30,503
2024-09-27 10:40,510
2024-09-27 10:50,517
2024-09-27 11:00,524
2024-09-27 11:10,530
2024-09-27 11:20,536
2024-09-27 11:30,541
2024-09-27 11:40,545
2024-09-27 11:50,549
2024-09-27 12:00,552
2024-09-27 12:10,555
2024-09-27 12:20,557
2024-09-27 12:30,558
2024-09-27 12:40,558
2024-09-27 12:50,557
2024-09-27 13:00,556
2024-09-27 13:10,554
2024-09-27 13:20,551
2024-09-27 13:30,547
2024-09-27 13:40,542
2024-09-27 13:50,537
2024-09-27 14:00,531
2024-09-27 14:10,525
2024-09-27 14:20,517
2024-09-27 14:30,510
2024-09-27 14:40,502
2024-09-27 14:50,493
2024-09-27 15:00,484
2024-09-27 15:10,475
2024-09-27 15:20,465
2024-09-27 15:30,456
2024-09-27 15:40,446
2024-09-27 15:50,436
2024-09-27 16:00,426
2024-09-27 16:10,416
2024-09-27 16:20,406
2024-09-27 16:30,397
2024-09-27 16:40,387
2024-09-27 16:50,378
2024-09-27 17:00,369
2024-09-27 17:10,361
2024-09-27 17:20,352
2024-09-27 17:30,345
2024-09-27 17:40,337
2024-09-27 17:50,331
2024-09-27 18:00,325
2024-09-27 18:10,320
2024-09-27 18:20,316
2024-09-27 18:30,312
2024-09-27 18:40,310
2024-09-27 18:50,308
2024-09-27 19:00,308
2024-09-27 19:10,308
2024-09-27 19:20,310
2024-09-27 19:30,313
2024-09-27 19:40,317
2024-09-27 19:50,322
2024-09-27 20:00,327
2024-09-27 20:10,334
2024-09-27 20:20,342
2024-09-27 20:30,351
2024-09-27 20:40,361
2024-09-27 20:50,371
2024-09-27 21:00,383
2024-09-27 21:10,395
2024-09-27 21:20,407
2024-09-27 21:30,420
2024-09-27 21:40,433
2024-09-27 21:50,447
2024-09-27 22:00,461
2024-09-27 22:10,475
2024-09-27 22:20,489
2024-09-27 22:30,503
2024-09-27 22:40,517
2024-09-27 22:50,531
2024-09-27 23:00,545
2024-09-27 23:10,558
2024-09-27 23:20,572
2024-09-27 23:30,584
2024-09-27 23:40,597
2024-09-27 23:50,608
2024-09-28 0:00,620
2024-09-28 0:10,630
2024-09-28 0:20,640
2024-09-28 0:30,649
2024-09-28 0:40,657
2024-09-28 0:50,664
2024-09-28 1:00,670
2024-09-28 1:10,675
2024-09-28 1:20,679
2024-09-28 1:30,683
2024-09-28 1:40,685
2024-09-28 1:50,686
2024-09-28 2:00,685
2024-09-28 2:10,684
2024-09-28 2:20,682
2024-09-28 2:30,679
2024-09-28 2:40,674
2024-09-28 2:50,669
2024-09-28 3:00,663
2024-09-28 3:10,656
2024-09-28 3:20,648
2024-09-28 3:30,639
2024-09-28 3:40,629
2024-09-28 3:50,619
2024-09-28 4:00,608
2024-09-28 4:10,596
2024-09-28 4:20,584
2024-09-28 4:30,572
2024-09-28 4:40,559
2024-09-28 4:50,545
2024-09-28 5:00,531
2024-09-28 5:10,517
2024-09-28 5:20,503
2024-09-28 5:30,489
2024-09-28 5:40,475
2024-09-28 5:50,460
2024-09-28 6:00,446
2024-09-28 6:10,433
2024-09-28 6:20,419
2024-09-28 6:30,406
2024-09-28 6:40,394
2024-09-28 6:50,382
2024-09-28 7:00,371
2024-09-28 7:10,361
2024-09-28 7:20,352
2024-09-28 7:30,344
2024-09-28 7:40,337
2024-09-28 7:50,332
2024-09-28 8:00,327
2024-09-28 8:10,324
2024-09-28 8:20,322
2024-09-28 8:30,322
2024-09-28 8:40,322
2024-09-28 8:50,324
2024-09-28 9:00,327
2024-09-28 9:10,332
2024-09-28 9:20,337
2024-09-28 9:30,344
2024-09-28 9:40,352
2024-09-28 9:50,360
2024-09-28 10:00,370
2024-09-28 10:10,380
2024-09-28 10:20,391
2024-09-28 10:30,402
2024-09-28 10:40,414
2024-09-28 10:50,427
2024-09-28 11:00,439
2024-09-28 11:10,452
2024-09-28 11:20,465
2024-09-28 11:30,478
2024-09-28 11:40,491
2024-09-28 11:50,504
2024-09-28 12:00,517
2024-09-28 12:10,529
2024-09-28 12:20,541
2024-09-28 12:30,552
2024-09-28 12:40,563
2024-09-28 12:50,573
2024-09-28 13:00,582
2024-09-28 13:10,590
2024-09-28 13:20,597
2024-09-28 13:30,603
2024-09-28 13:40,609
2024-09-28 13:50,612
2024-09-28 14:00,615
2024-09-28 14:10,617
2024-09-28 14:20,617
2024-09-28 14:30,616
2024-09-28 14:40,614
2024-09-28 14:50,611
2024-09-28 15:00,606
2024-09-28 15:10,600
2024-09-28 15:20,594
2024-09-28 15:30,586
2024-09-28 15:40,577
2024-09-28 15:50,567
2024-09-28 16:00,556
2024-09-28 16:10,544
2024-09-28 16:20,532
2024-09-28 16:30,519
2024-09-28 16:40,506
2024-09-28 16:50,492
2024-09-28 17:00,477
2024-09-28 17:10,463
2024-09-28 17:20,448
2024-09-28 17:30,433
2024-09-28 17:40,418
2024-09-28 17:50,403
2024-09-28 18:00,388
2024-09-28 18:10,373
2024-09-28 18:20,359
2024-09-28 18:30,345
2024-09-28 18:40,332
2024-09-28 18:50,320
2024-09-28 19:00,308
2024-09-28 19:10,297
2024-09-28 19:20,288
2024-09-28 19:30,279
2024-09-28 19:40,272
2024-09-28 19:50,266
2024-09-28 20:00,261
2024-09-28 20:10,258
2024-09-28 20:20,256
2024-09-28 20:30,256
2024-09-28 20:40,258
2024-09-28 20:50,261
2024-09-28 21:00,265
2024-09-28 21:10,272
2024-09-28 21:20,279
2024-09-28 21:30,289
2024-09-28 21:40,299
2024-09-28 21:50,311
2024-09-28 22:00,324
2024-09-28 22:10,338
2024-09-28 22:20,353
2024-09-28 22:30,369
2024-09-28 22:40,386
2024-09-28 22:50,404
2024-09-28 23:00,422
2024-09-28 23:10,440
2024-09-28 23:20,459
2024-09-28 23:30,478
2024-09-28 23:40,497
2024-09-28 23:50,516
2024-09-29 0:00,535
2024-09-29 0:10,553
2024-09-29 0:20,571
2024-09-29 0:30,589
2024-09-29 0:40,606
2024-09-29 0:50,623
2024-09-29 1:00,639
2024-09-29 1:10,653
2024-09-29 1:20,667
2024-09-29 1:30,680
2024-09-29 1:40,692
2024-09-29 1:50,703
2024-09-29 2:00,712
2024-09-29 2:10,720
2024-09-29 2:20,726
2024-09-29 2:30,732
2024-09-29 2:40,735
2024-09-29 2:50,737
2024-09-29 3:00,737
2024-09-29 3:10,736
2024-09-29 3:20,734
2024-09-29 3:30,729
2024-09-29 3:40,724
2024-09-29 3:50,716
2024-09-29 4:00,708
2024-09-29 4:10,698
2024-09-29 4:20,687
2024-09-29 4:30,674
2024-09-29 4:40,661
2024-09-29 4:50,646
2024-09-29 5:00,631
2024-09-29 5:10,615
2024-09-29 5:20,598
2024-09-29 5:30,580
2024-09-29 5:40,562
2024-09-29 5:50,543
2024-09-29 6:00,524
2024-09-29 6:10,505
2024-09-29 6:20,485
2024-09-29 6:30,466
2024-09-29 6:40,446
2024-09-29 6:50,427
2024-09-29 7:00,408
2024-09-29 7:10,390
2024-09-29 7:20,372
2024-09-29 7:30,355
2024-09-29 7:40,339
2024-09-29 7:50,323
2024-09-29 8:00,309
2024-09-29 8:10,296
2024-09-29 8:20,285
2024-09-29 8:30,275
2024-09-29 8:40,267
2024-09-29 8:50,260
2024-09-29 9:00,255
2024-09-29 9:10,252
2024-09-29 9:20,251
2024-09-29 9:30,252
2024-09-29 9:40,255
2024-09-29 9:50,259
2024-09-29 10:00,266
2024-09-29 10:10,274
2024-09-29 10:20,284
2024-09-29 10:30,295
2024-09-29 10:40,308
2024-09-29 10:50,321
2024-09-29 11:00,337
2024-09-29 11:10,353
2024-09-29 11:20,370
2024-09-29 11:30,387
2024-09-29 11:40,406
2024-09-29 11:50,425
2024-09-29 12:00,444
2024-09-29 12:10,463
2024-09-29 12:20,482
2024-09-29 12:30,501
2024-09-29 12:40,520
2024-09-29 12:50,539
2024-09-29 13:00,557
2024-09-29 13:10,575
2024-09-29 13:20,592
2024-09-29 13:30,608
2024-09-29 13:40,623
2024-09-29 13:50,637
2024-09-29 14:00,649
2024-09-29 14:10,661
2024-09-29 14:20,671
2024-09-29 14:30,679
2024-09-29 14:40,686
2024-09-29 14:50,691
2024-09-29 15:00,694
2024-09-29 15:10,696
2024-09-29 15:20,695
2024-09-29 15:30,693
2024-09-29 15:40,689
2024-09-29 15:50,683
2024-09-29 16:00,676
2024-09-29 16:10,667
2024-09-29 16:20,656
2024-09-29 16:30,644
2024-09-29 16:40,630
2024-09-29 16:50,615
2024-09-29 17:00,599
2024-09-29 17:10,582
2024-09-29 17:20,564
2024-09-29 17:30,545
2024-09-29 17:40,526
2024-09-29 17:50,506
2024-09-29 18:00,485
2024-09-29 18:10,465
2024-09-29 18:20,444
2024-09-29 18:30,423
2024-09-29 18:40,403
2024-09-29 18:50,383
2024-09-29 19:00,363
2024-09-29 19:10,343
2024-09-29 19:20,324
2024-09-29 19:30,306
2024-09-29 19:40,289
2024-09-29 19:50,272
2024-09-29 20:00,257
2024-09-29 20:10,243
2024-09-29 20:20,231
2024-09-29 20:30,220
2024-09-29 20:40,211
2024-09-29 20:50,204
2024-09-29 21:00,198
2024-09-29 21:10,195
2024-09-29 21:20,194
2024-09-29 21:30,195
2024-09-29 21:40,198
2024-09-29 21:50,203
2024-09-29 22:00,210
2024-09-29 22:10,220
2024-09-29 22:20,231
2024-09-29 22:30,244
2024-09-29 22:40,260
2024-09-29 22:50,276
2024-09-29 23:00,294
2024-09-29 23:10,314
2024-09-29 23:20,335
2024-09-29 23:30,356
2024-09-29 23:40,379
2024-09-29 23:50,402
2024-09-30 0:00,425
2024-09-30 0:10,449
2024-09-30 0:20,473
2024-09-30 0:30,497
2024-09-30 0:40,521
2024-09-30 0:50,544
2024-09-30 1:00,567
2024-09-30 1:10,590
2024-09-30 1:20,612
2024-09-30 1:30,633
2024-09-30 1:40,653
2024-09-30 1:50,673
2024-09-30 2:00,691
2024-09-30 2:10,707
2024-09-30 2:20,723
2024-09-30 2:30,737
2024-09-30 2:40,749
2024-09-30 2:50,760
2024-09-30 3:00,769
2024-09-30 3:10,776
2024-09-30 3:20,781
2024-09-30 3:30,784
2024-09-30 3:40,785
2024-09-30 3:50,783
2024-09-30 4:00,780
2024-09-30 4:10,775
2024-09-30 4:20,768
2024-09-30 4:30,759
2024-09-30 4:40,748
2024-09-30 4:50,735
2024-09-30 5:00,721
2024-09-30 5:10,705
2024-09-30 5:20,688
2024-09-30 5:30,669
2024-09-30 5:40,650
2024-09-30 5:50,629
2024-09-30 6:00,608
2024-09-30 6:10,586
2024-09-30 6:20,564
2024-09-30 6:30,541
2024-09-30 6:40,518
2024-09-30 6:50,495
2024-09-30 7:00,471
2024-09-30 7:10,448
2024-09-30 7:20,424
2024-09-30 7:30,401
2024-09-30 7:40,378
2024-09-30 7:50,356
2024-09-30 8:00,335
2024-09-30 8:10,314
2024-09-30 8:20,294
2024-09-30 8:30,276
2024-09-30 8:40,259
2024-09-30 8:50,243
2024-09-30 9:00,229
2024-09-30 9:10,217
2024-09-30 9:20,208
2024-09-30 9:30,200
2024-09-30 9:40,194
2024-09-30 9:50,191
2024-09-30 10:00,190
2024-09-30 10:10,192
2024-09-30 10:20,196
2024-09-30 10:30,203
2024-09-30 10:40,212
2024-09-30 10:50,223
2024-09-30 11:00,236
2024-09-30 11:10,251
2024-09-30 11:20,268
2024-09-30 11:30,287
2024-09-30 11:40,307
2024-09-30 11:50,328
2024-09-30 12:00,350
2024-09-30 12:10,374
2024-09-30 12:20,397
2024-09-30 12:30,422
2024-09-30 12:40,446
2024-09-30 12:50,471
2024-09-30 13:00,495
2024-09-30 13:10,520
2024-09-30 13:20,544
2024-09-30 13:30,567
2024-09-30 13:40,590
2024-09-30 13:50,612
2024-09-30 14:00,633
2024-09-30 14:10,653
2024-09-30 14:20,672
2024-09-30 14:30,690
2024-09-30 14:40,706
2024-09-30 14:50,720
2024-09-30 15:00,733
2024-09-30 15:10,743
2024-09-30 15:20,752
2024-09-30 15:30,758
2024-09-30 15:40,762
2024-09-30 15:50,764
2024-09-30 16:00,763
2024-09-30 16:10,761
2024-09-30 16:20,755
2024-09-30 16:30,748
2024-09-30 16:40,738
2024-09-30 16:50,726
2024-09-30 17:00,712
2024-09-30 17:10,697
2024-09-30 17:20,679
2024-09-30 17:30,660
2024-09-30 17:40,640
2024-09-30 17:50,619
2024-09-30 18:00,596
2024-09-30 18:10,573
2024-09-30 18:20,549
2024-09-30 18:30,525
2024-09-30 18:40,500
2024-09-30 18:50,475
2024-09-30 19:00,450
2024-09-30 19:10,425
2024-09-30 19:20,400
2024-09-30 19:30,376
2024-09-30 19:40,351
2024-09-30 19:50,328
2024-09-30 20:00,305
2024-09-30 20:10,283
2024-09-30 20:20,262
2024-09-30 20:30,242
2024-09-30 20:40,223
2024-09-30 20:50,206
2024-09-30 21:00,191
2024-09-30 21:10,177
2024-09-30 21:20,166
2024-09-30 21:30,156
2024-09-30 21:40,149
2024-09-30 21:50,145
2024-09-30 22:00,143
2024-09-30 22:10,143
2024-09-30 22:20,146
2024-09-30 22:30,152
2024-09-30 22:40,161
2024-09-30 22:50,172
2024-09-30 23:00,186
2024-09-30 23:10,202
2024-09-30 23:20,220
2024-09-30 23:30,240
2024-09-30 23:40,262
2024-09-30 23:50,286
